"","EMY.p","EMY.FDR","EM_dir.p","MY_dir.p","EM.t","EM.p","MY.t","MY.p","CHEBI"
"CHEBI:15603",1.42e-05,0.013,0.000395,0.00376,3.96,0.000395,3.13,0.00376,"leucine"
"CHEBI:16414",1.89e-05,0.013,0.000936,0.00434,3.65,0.000936,3.08,0.00434,"valine"
"CHEBI:17295",3.45e-05,0.0158,0.0022,0.00587,3.33,0.0022,2.96,0.00587,"phenylalanine"
"CHEBI:17865",6.52e-05,0.0224,1.54e-05,0.00808,5.09,1.54e-05,2.83,0.00808,"4-methyl-2-oxopentanoate"
"CHEBI:17895",0.000434,0.116,0.0208,0.000464,2.43,0.0208,3.92,0.000464,"tyrosine"
"CHEBI:73594",0.000505,0.116,0.00595,0.0225,2.95,0.00595,2.4,0.0225,"prolylglycine"
"CHEBI:37084",0.000805,0.158,0.00195,0.0284,3.38,0.00195,2.3,0.0284,"beta-hydroxyisovalerate"
"CHEBI:17884",0.00128,0.22,0.022,0.0358,-2.41,0.022,-2.2,0.0358,"phenylacetylglutamine"
"GHR",0.00154,0.222,0.00135,0.0393,3.51,0.00135,2.15,0.0393,NA
"CHEBI:81016",0.00169,0.222,0.0411,0.00227,2.13,0.0411,3.33,0.00227,"7-alpha-hydroxy-3-oxo-4-cholestenoate (7-Hoca)"
"CD209",0.0018,0.222,0.0424,0.0386,2.11,0.0424,2.16,0.0386,NA
"CHEBI:28837",0.00194,0.222,0.0183,0.044,2.49,0.0183,2.1,0.044,"caprylate (8:0)"
"SERPINA3",0.00234,0.225,0.0484,0.0052,-2.05,0.0484,-3.01,0.0052,NA
"CHEBI:15724",0.00235,0.225,0.00154,0.0485,-3.46,0.00154,-2.05,0.0485,"trimethylamine N-oxide"
"CHEBI:16977",0.00245,0.225,0.0495,0.0236,2.04,0.0495,2.38,0.0236,"alanine"
"CHEBI:17533",0.00263,0.226,0.0513,0.00822,2.02,0.0513,2.82,0.00822,"N-acetylglutamate"
"F10",0.00279,0.226,0.0528,0.0256,2.01,0.0528,2.35,0.0256,NA
"ASAH2",0.00338,0.258,0.00198,0.0581,3.37,0.00198,1.97,0.0581,NA
"CHEBI:17522",0.0045,0.317,0.036,0.0671,2.19,0.036,1.9,0.0671,"glycerol"
"CHEBI:28875",0.0046,0.317,0.0678,0.0545,1.89,0.0678,2,0.0545,"myristate (14:0)"
"CNDP1",0.00549,0.36,8.55e-06,0.0741,5.29,8.55e-06,1.85,0.0741,NA
"PAPPA",0.00641,0.397,0.0649,0.0801,-1.91,0.0649,-1.81,0.0801,NA
"CHEBI:73025",0.00663,0.397,5.46e-05,0.0814,4.65,5.46e-05,1.8,0.0814,"isovalerylcarnitine"
"ENPP7",0.00805,0.418,0.0897,0.0168,1.75,0.0897,2.53,0.0168,NA
"CHEBI:30805",0.00812,0.418,0.0901,0.029,1.75,0.0901,2.29,0.029,"laurate (12:0)"
"CHEBI:16797",0.00814,0.418,0.0275,0.0902,2.31,0.0275,1.75,0.0902,"1-methylnicotinamide"
"IGFBP1",0.00819,0.418,0.0905,0.0572,-1.75,0.0905,-1.98,0.0572,NA
"CHEBI:16828",0.0123,0.588,0.0583,0.111,1.96,0.0583,1.64,0.111,"tryptophan"
"CHEBI:32389",0.0124,0.588,0.000863,0.111,3.68,0.000863,1.64,0.111,"stearidonate (18:4n3)"
"CHEBI:20067",0.0146,0.65,0.00434,0.121,-3.07,0.00434,-1.6,0.121,"3-hydroxybutyrate (BHBA)"
"CHEBI:35932",0.0146,0.65,0.0142,0.121,2.59,0.0142,1.59,0.121,"3-methyl-2-oxovalerate"
"CHEBI:10072",0.0154,0.659,1.02e-05,0.124,5.23,1.02e-05,1.58,0.124,"xanthurenate"
"CHEBI:37257",0.0158,0.659,0.126,0.0818,1.57,0.126,1.8,0.0818,"phytanate"
"CHEBI:9300",0.0165,0.667,0.0475,0.128,-2.06,0.0475,-1.56,0.128,"suberate (octanedioate)"
"CHEBI:31697",0.0173,0.677,0.11,0.131,-1.64,0.11,-1.55,0.131,"indolin-2-one"
"CHEBI:30851",0.0177,0.677,0.0495,0.133,2.04,0.0495,1.54,0.133,"phenylpyruvate"
"CHEBI:16530",0.0183,0.679,7.74e-05,0.135,4.53,7.74e-05,1.53,0.135,"3-methyl-2-oxobutyrate"
"CHEBI:73024",0.0194,0.702,0.0946,0.139,-1.72,0.0946,-1.52,0.139,"acetylcarnitine"
"CHEBI:37024",0.0209,0.739,0.0169,0.145,2.52,0.0169,1.5,0.145,"2-aminoadipate"
"SERPIND1",0.0219,0.752,0.0196,0.148,2.46,0.0196,1.48,0.148,NA
"CHEBI:17712",0.0237,0.796,0.106,0.154,1.67,0.106,1.46,0.154,"xanthine"
"CHEBI:28867",0.0258,0.829,6.47e-05,0.161,4.59,6.47e-05,1.44,0.161,"propionylcarnitine"
"CHEBI:18344",0.026,0.829,2.38e-05,0.161,4.94,2.38e-05,1.44,0.161,"kynurenate"
"CHEBI:42027",0.0265,0.829,0.00829,0.163,2.82,0.00829,1.43,0.163,"1,2-dilinoleoyl-GPC (18:2/18:2)"
"FGF19",0.0273,0.835,0.00851,0.165,-2.8,0.00851,-1.42,0.165,NA
"CHEBI:17864",0.0279,0.835,0.167,0.0052,-1.41,0.167,-3.01,0.0052,"taurolithocholate 3-sulfate"
"RET",0.0302,0.872,0.174,0.0234,1.39,0.174,2.39,0.0234,NA
"CFD",0.0308,0.872,0.175,0.116,-1.39,0.175,-1.62,0.116,NA
"CHEBI:422",0.031,0.872,0.0244,0.176,2.36,0.0244,1.38,0.176,"lactate"
"CHEBI:15344",0.0329,0.893,0.177,0.181,-1.38,0.177,-1.37,0.181,"acetoacetate"
"BMP1",0.0331,0.893,0.0732,0.182,1.85,0.0732,1.37,0.182,NA
"CHEBI:84098",0.0356,0.933,0.189,0.0309,-1.34,0.189,-2.26,0.0309,"linoleoylcarnitine*"
"CHEBI:27781",0.0369,0.933,0.183,0.192,1.36,0.183,1.33,0.192,"myristoleate (14:1n5)"
"APOA1",0.0399,0.933,0.0566,0.2,1.98,0.0566,1.31,0.2,NA
"DSG2",0.0406,0.933,0.201,0.0926,-1.3,0.201,-1.74,0.0926,NA
"CHEBI:17568",0.0413,0.933,0.108,0.203,1.65,0.108,1.3,0.203,"uracil"
"CHEBI:45441",0.0442,0.933,0.21,0.0339,-1.28,0.21,-2.22,0.0339,"N-acetylserine"
"CHEBI:20106",0.0442,0.933,0.178,0.21,1.38,0.178,1.28,0.21,"vanillylmandelate (VMA)"
"CST5",0.0463,0.933,0.0787,0.215,1.82,0.0787,1.27,0.215,NA
"CHEBI:27747",0.0474,0.933,0.164,0.218,1.42,0.164,1.26,0.218,"homoarginine"
"IGHG1",0.0474,0.933,0.218,0.0786,-1.26,0.218,-1.82,0.0786,NA
"CXCL11",0.0484,0.933,0.122,0.22,1.59,0.122,1.25,0.22,NA
"FAP",0.0494,0.933,0.222,0.0119,1.25,0.222,2.67,0.0119,NA
"TNFRSF25",0.0514,0.933,0.054,0.227,-2,0.054,-1.23,0.227,NA
"LEP",0.054,0.933,0.232,0.0936,1.22,0.232,1.73,0.0936,NA
"PTN",0.0551,0.933,0.225,0.235,-1.24,0.225,-1.21,0.235,NA
"CD27",0.0551,0.933,0.235,0.0307,1.21,0.235,2.27,0.0307,NA
"SHBG",0.0564,0.933,0.00528,0.238,-2.99,0.00528,-1.2,0.238,NA
"CHEBI:64032",0.0575,0.933,0.24,0.166,1.2,0.24,1.42,0.166,"linoleoyl ethanolamide"
"CHEBI:18145",0.0635,0.933,0.229,0.252,1.23,0.229,1.17,0.252,"alpha-tocopherol"
"CHEBI:28661",0.0645,0.933,0.0647,0.254,1.91,0.0647,1.16,0.254,"linolenate [alpha or gamma; (18:3n3 or 6)]"
"PYY",0.0658,0.933,0.257,0.159,1.16,0.257,1.44,0.159,NA
"CHEBI:18019",0.0668,0.933,0.259,0.223,1.15,0.259,1.24,0.223,"lysine"
"CHEBI:16643",0.067,0.933,0.259,0.00961,1.15,0.259,2.76,0.00961,"methionine"
"CHEBI:15728",0.0672,0.933,0.0644,0.259,1.92,0.0644,1.15,0.259,"4-guanidinobutanoate"
"CHEBI:15741",0.0709,0.933,0.0638,0.266,1.92,0.0638,1.13,0.266,"succinate"
"SELL",0.071,0.933,0.266,0.228,-1.13,0.266,-1.23,0.228,NA
"EGFR",0.0715,0.933,0.267,0.11,1.13,0.267,1.65,0.11,NA
"CHEBI:32816",0.0737,0.933,0.271,0.241,1.12,0.271,1.2,0.241,"pyruvate"
"CD163",0.0762,0.933,0.276,0.046,1.11,0.276,2.08,0.046,NA
"CDH1",0.0773,0.933,0.278,0.145,1.1,0.278,1.5,0.145,NA
"LYVE1",0.0773,0.933,0.235,0.278,-1.21,0.235,-1.1,0.278,NA
"GP1BA",0.0847,0.933,0.0272,0.291,-2.32,0.0272,-1.07,0.291,NA
"CGA",0.0849,0.933,0.291,0.257,1.07,0.291,1.15,0.257,NA
"SIGLEC1",0.0865,0.933,0.294,0.184,1.07,0.294,1.36,0.184,NA
"CD84",0.0881,0.933,0.297,0.0161,-1.06,0.297,-2.55,0.0161,NA
"C1QA",0.0887,0.933,0.259,0.298,-1.15,0.259,-1.06,0.298,NA
"PCSK7",0.0891,0.933,0.298,0.159,1.06,0.298,1.44,0.159,NA
"NR1D1",0.0919,0.933,0.0746,0.303,1.84,0.0746,1.05,0.303,NA
"IGFBP2",0.0941,0.933,0.00337,0.307,-3.17,0.00337,-1.04,0.307,NA
"NRP1",0.0961,0.933,0.31,0.0501,-1.03,0.31,-2.04,0.0501,NA
"CHEBI:30813",0.0982,0.933,0.313,0.000129,1.02,0.313,4.37,0.000129,"caprate (10:0)"
"SERPINA1",0.0994,0.933,0.000201,0.315,-4.2,0.000201,-1.02,0.315,NA
"MAPKAPK5",0.101,0.933,0.24,0.318,1.2,0.24,1.01,0.318,NA
"ADAMTS5",0.101,0.933,0.319,0.0543,-1.01,0.319,-2,0.0543,NA
"IGHD",0.103,0.933,0.321,0.174,1.01,0.321,1.39,0.174,NA
"GCKR",0.104,0.933,0.323,0.284,1,0.323,1.09,0.284,NA
"IL1RAPL2",0.105,0.933,0.211,0.324,1.28,0.211,1,0.324,NA
"LTA4H",0.106,0.933,0.17,0.326,-1.4,0.17,-0.999,0.326,NA
"CHEBI:30794",0.11,0.933,0.155,0.332,-1.46,0.155,-0.986,0.332,"malonate"
"CHEBI:16814",0.11,0.933,0.0972,0.332,1.71,0.0972,0.986,0.332,"dehydroisoandrosterone sulfate (DHEA-S)"
"CKB",0.112,0.933,0.334,0.14,0.981,0.334,1.52,0.14,NA
"ARSB",0.114,0.933,0.337,0.278,0.974,0.337,1.1,0.278,NA
"CHEBI:28645",0.121,0.933,0.348,0.0767,0.953,0.348,1.83,0.0767,"fructose"
"CXCL5",0.123,0.933,0.264,0.351,1.14,0.264,0.947,0.351,NA
"PCSK9",0.125,0.933,0.354,0.0148,0.941,0.354,2.58,0.0148,NA
"CHEBI:65136",0.13,0.933,0.36,0.277,0.928,0.36,1.11,0.277,"docosapentaenoate (n3 DPA; 22:5n3)"
"FAM107B",0.131,0.933,0.362,0.218,0.924,0.362,1.26,0.218,NA
"CHEBI:17189",0.132,0.933,0.363,0.314,-0.922,0.363,-1.02,0.314,"gentisate"
"IL1R1",0.133,0.933,0.365,0.12,0.919,0.365,1.6,0.12,NA
"ERP29",0.138,0.933,0.323,0.371,1,0.323,0.907,0.371,NA
"CHEBI:71179",0.14,0.933,0.0974,0.374,1.71,0.0974,0.903,0.374,"tiglylcarnitine"
"SELE",0.141,0.933,0.234,0.375,1.21,0.234,0.899,0.375,NA
"CHEBI:16919",0.141,0.933,0.000459,0.376,3.91,0.000459,0.899,0.376,"creatine"
"IGF2R",0.145,0.933,0.381,0.0837,0.889,0.381,1.79,0.0837,NA
"CHEBI:16199",0.147,0.933,0.0545,0.383,2,0.0545,0.885,0.383,"urea"
"CHEBI:30797",0.151,0.933,0.0613,0.389,1.94,0.0613,0.873,0.389,"malate"
"CHEBI:18012",0.152,0.933,0.39,0.317,0.872,0.39,1.02,0.317,"fumarate"
"ECE1",0.152,0.933,0.39,0.138,0.871,0.39,1.52,0.138,NA
"CADM3",0.155,0.933,0.128,0.393,-1.56,0.128,-0.866,0.393,NA
"CHEBI:82914",0.167,0.933,0.408,0.0522,-0.838,0.408,-2.02,0.0522,"p-cresol sulfate"
"CHEBI:32805",0.172,0.933,0.415,0.151,0.826,0.415,1.47,0.151,"cis-aconitate"
"TNFRSF8",0.178,0.933,0.112,0.422,-1.63,0.112,-0.813,0.422,NA
"CHEBI:17687",0.183,0.933,0.428,0.0966,0.802,0.428,1.71,0.0966,"glycocholate"
"CKAP2",0.185,0.933,0.416,0.43,-0.823,0.416,-0.799,0.43,NA
"CHEBI:18107",0.188,0.933,0.433,0.124,0.794,0.433,1.58,0.124,"xanthosine"
"CHEBI:28125",0.188,0.933,0.0182,0.433,2.49,0.0182,0.794,0.433,"docosahexaenoate (DHA; 22:6n3)"
"CHEBI:7676",0.192,0.933,0.0751,0.439,1.84,0.0751,0.785,0.439,"butyrylcarnitine"
"CHEBI:17351",0.194,0.933,0.341,0.44,0.967,0.341,0.782,0.44,"linoleate (18:2n6)"
"CD97",0.198,0.933,0.434,0.445,-0.792,0.434,-0.774,0.445,NA
"IL17RA",0.199,0.933,0.446,0.137,-0.772,0.446,-1.53,0.137,NA
"PARK7",0.2,0.933,0.447,0.34,0.77,0.447,0.969,0.34,NA
"CRLF1",0.201,0.933,0.448,0.237,0.768,0.448,1.21,0.237,NA
"CHEBI:82913",0.205,0.933,0.0164,0.453,-2.53,0.0164,-0.76,0.453,"3-methoxytyrosine"
"APCS",0.208,0.933,0.00218,0.456,3.33,0.00218,0.755,0.456,NA
"CHEBI:17191",0.208,0.933,0.456,0.108,0.754,0.456,1.66,0.108,"isoleucine"
"TG",0.21,0.933,0.458,0.388,0.751,0.458,0.876,0.388,NA
"CHEBI:30915",0.21,0.933,0.459,0.233,0.75,0.459,1.22,0.233,"alpha-ketoglutarate"
"PRSS3",0.212,0.933,0.382,0.461,0.887,0.382,0.747,0.461,NA
"FGR",0.213,0.933,0.462,0.186,0.745,0.462,1.35,0.186,NA
"SLC25A18",0.213,0.933,0.462,0.365,-0.745,0.462,-0.92,0.365,NA
"BMPR2",0.214,0.933,0.193,0.463,-1.33,0.193,-0.744,0.463,NA
"CHEBI:16742",0.216,0.933,0.211,0.464,-1.28,0.211,-0.741,0.464,"orotate"
"F9",0.216,0.933,0.157,0.465,1.45,0.157,0.74,0.465,NA
"PPY",0.217,0.933,0.0262,0.465,2.33,0.0262,0.739,0.465,NA
"CD70",0.221,0.933,0.422,0.47,0.813,0.422,0.732,0.47,NA
"EDA2R",0.222,0.933,0.471,0.0717,-0.73,0.471,-1.87,0.0717,NA
"ABL2",0.223,0.933,0.472,0.359,-0.728,0.472,-0.931,0.359,NA
"MAPK13",0.224,0.933,0.473,0.228,0.727,0.473,1.23,0.228,NA
"CHEBI:15611",0.23,0.933,0.48,0.179,0.715,0.48,1.38,0.179,"sarcosine"
"CHEBI:67249",0.232,0.933,0.181,0.481,-1.37,0.181,-0.713,0.481,"N-acetylcarnosine"
"CHEBI:17368",0.235,0.933,0.426,0.484,0.807,0.426,0.708,0.484,"hypoxanthine"
"NBL1",0.235,0.933,0.3,0.485,-1.05,0.3,-0.707,0.485,NA
"NOTCH2",0.236,0.933,0.485,0.097,0.706,0.485,1.71,0.097,NA
"KLK11",0.237,0.933,0.487,0.148,-0.704,0.487,-1.49,0.148,NA
"LCN2",0.238,0.933,0.357,0.488,-0.935,0.357,-0.703,0.488,NA
"CHEBI:45658",0.242,0.933,0.492,0.417,-0.696,0.492,-0.823,0.417,"S-methylcysteine"
"CHEBI:15756",0.243,0.933,0.343,0.493,0.962,0.343,0.694,0.493,"palmitate (16:0)"
"CD5L",0.243,0.933,0.305,0.493,-1.04,0.305,-0.694,0.493,NA
"CHEBI:43355",0.246,0.933,0.0585,0.496,-1.96,0.0585,-0.688,0.496,"3-indoxyl sulfate"
"HSPA1A",0.248,0.933,0.498,0.485,0.686,0.498,0.707,0.485,NA
"CHEBI:42797",0.251,0.933,0.501,0.0825,-0.681,0.501,-1.79,0.0825,"gabapentin"
"MAP2K2",0.253,0.933,0.503,0.393,-0.00732,0.994,0.867,0.393,NA
"ACY1",0.254,0.933,0.504,0.25,0.676,0.504,1.17,0.25,NA
"CTSD",0.255,0.933,0.505,0.381,-0.674,0.505,-0.888,0.381,NA
"ROBO3",0.256,0.933,0.506,0.501,-0.0147,0.988,0.681,0.501,NA
"CHEBI:62490",0.256,0.933,0.00461,0.506,-3.05,0.00461,0.0156,0.988,"stearoyl sphingomyelin (d18:1/18:0)"
"PAK6",0.257,0.933,0.483,0.507,0.71,0.483,0.672,0.507,NA
"AFM",0.257,0.933,0.0272,0.507,2.31,0.0272,0.671,0.507,NA
"CHEBI:30831",0.259,0.933,0.301,0.508,1.05,0.301,-0.0214,0.983,"alpha-ketobutyrate"
"CHEBI:28716",0.259,0.933,0.505,0.509,0.675,0.505,0.668,0.509,"palmitoleate (16:1n7)"
"GDF11",0.26,0.933,0.084,0.509,1.78,0.084,-0.024,0.981,NA
"TNFRSF18",0.26,0.933,0.325,0.51,1,0.325,-0.0252,0.98,NA
"CKM",0.261,0.933,0.0162,0.511,2.54,0.0162,0.665,0.511,NA
"DAPK2",0.261,0.933,0.511,0.453,0.0285,0.977,-0.759,0.453,NA
"IL2",0.264,0.933,0.513,0.287,-0.0338,0.973,1.08,0.287,NA
"CHEBI:48991",0.264,0.933,0.0219,0.514,2.41,0.0219,-0.0347,0.973,"7-methylxanthine"
"CHEBI:17115",0.264,0.933,0.208,0.514,-1.28,0.208,0.0352,0.972,"serine"
"CHEBI:16393",0.264,0.933,0.419,0.514,0.819,0.419,-0.0359,0.972,"sphingosine"
"DYNLL1",0.265,0.933,0.514,0.386,0.0362,0.971,-0.88,0.386,NA
"THBS4",0.267,0.933,0.516,0.0977,-0.0417,0.967,1.71,0.0977,NA
"MMP1",0.267,0.933,0.517,0.504,0.0419,0.967,-0.676,0.504,NA
"FGFR2",0.268,0.933,0.518,0.0911,-0.0449,0.965,1.74,0.0911,NA
"PPP3CA",0.268,0.933,0.324,0.518,1,0.324,-0.0454,0.964,NA
"HRG",0.268,0.933,0.518,0.191,-0.0456,0.964,1.34,0.191,NA
"NPPB",0.268,0.933,0.503,0.518,0.678,0.503,0.654,0.518,NA
"CHEBI:35420",0.268,0.933,0.186,0.518,1.35,0.186,-0.0457,0.964,"pregn steroid monosulfate*"
"ANGPTL4",0.269,0.933,0.519,0.309,-0.653,0.519,-1.03,0.309,NA
"KLK7",0.269,0.933,0.519,0.43,-0.0481,0.962,0.8,0.43,NA
"CHEBI:32159",0.272,0.933,0.355,0.522,-0.938,0.355,-0.648,0.522,"sucralose"
"TGM3",0.273,0.933,0.523,0.288,0.0573,0.955,-1.08,0.288,NA
"RB1",0.273,0.933,0.523,0.512,-0.0577,0.954,0.664,0.512,NA
"ULBP2",0.274,0.933,0.524,0.0827,-0.0597,0.953,1.79,0.0827,NA
"SCARB2",0.274,0.933,0.524,0.0507,0.645,0.524,2.03,0.0507,NA
"KPNA2",0.275,0.933,0.524,0.269,-0.0609,0.952,1.13,0.269,NA
"PRKAA1",0.275,0.933,0.123,0.524,1.59,0.123,0.644,0.524,NA
"CHEBI:18367",0.275,0.933,0.512,0.525,0.664,0.512,-0.0624,0.951,"phosphate"
"LTBR",0.276,0.933,0.132,0.525,-1.55,0.132,0.0638,0.95,NA
"MAPK14",0.276,0.933,0.471,0.525,0.729,0.471,-0.0638,0.95,NA
"TNFSF15",0.276,0.933,0.525,0.341,0.0641,0.949,-0.967,0.341,NA
"LY9",0.276,0.933,0.494,0.526,-0.692,0.494,0.0651,0.949,NA
"HDGFRP2",0.277,0.933,0.526,0.473,0.0662,0.948,-0.727,0.473,NA
"CCL14",0.277,0.933,0.0556,0.527,-1.99,0.0556,0.0672,0.947,NA
"C9",0.278,0.933,0.527,0.146,0.0684,0.946,-1.49,0.146,NA
"CA2",0.278,0.933,0.527,0.0523,-0.0687,0.946,2.02,0.0523,NA
"TIMP2",0.278,0.933,0.15,0.528,-1.48,0.15,-0.639,0.528,NA
"LRRTM1",0.279,0.933,0.528,0.382,0.638,0.528,0.886,0.382,NA
"FETUB",0.279,0.933,0.00054,0.528,3.85,0.00054,0.638,0.528,NA
"GNS",0.28,0.933,0.53,0.421,0.636,0.53,0.815,0.421,NA
"C1S",0.281,0.933,0.466,0.53,0.738,0.466,0.635,0.53,NA
"POMC",0.281,0.933,0.53,0.46,-0.0756,0.94,0.748,0.46,NA
"CAPG",0.282,0.933,0.063,0.531,-1.93,0.063,0.0789,0.938,NA
"CHEBI:16344",0.282,0.933,0.531,0.515,-0.0797,0.937,0.658,0.515,"guanidinoacetate"
"CHEBI:32111",0.283,0.933,0.45,0.532,0.765,0.45,-0.0804,0.936,"saccharin"
"NGF",0.285,0.933,0.533,0.402,-0.0846,0.933,0.85,0.402,NA
"SCT",0.285,0.933,0.523,0.533,0.0586,0.954,-0.63,0.533,NA
"IL12B",0.285,0.933,0.176,0.534,1.38,0.176,-0.0868,0.931,NA
"IL5",0.286,0.933,0.535,0.0851,0.0883,0.93,-1.78,0.0851,NA
"CHEBI:17196",0.287,0.933,0.00221,0.535,3.33,0.00221,-0.0896,0.929,"asparagine"
"CHEBI:28177",0.287,0.933,0.0341,0.536,2.21,0.0341,-0.0914,0.928,"theophylline"
"ADGRE2",0.288,0.933,0.536,0.00371,0.625,0.536,3.14,0.00371,NA
"ANG",0.288,0.933,0.436,0.537,-0.789,0.436,0.093,0.927,NA
"FN1",0.29,0.933,0.538,0.535,-0.622,0.538,0.088,0.93,NA
"PTHLH",0.29,0.933,0.313,0.539,1.02,0.313,-0.0978,0.923,NA
"SHH",0.291,0.933,0.232,0.54,1.22,0.232,0.62,0.54,NA
"BCAR3",0.292,0.933,0.541,0.0129,0.103,0.919,-2.64,0.0129,NA
"F7",0.294,0.933,0.163,0.542,1.43,0.163,0.616,0.542,NA
"HAMP",0.295,0.933,0.227,0.543,1.23,0.227,0.615,0.543,NA
"CHEBI:27410",0.295,0.933,0.0905,0.543,1.75,0.0905,0.615,0.543,"N1-Methyl-2-pyridone-5-carboxamide"
"LGALS3BP",0.297,0.933,0.545,0.165,-0.113,0.911,1.42,0.165,NA
"CXCL16",0.298,0.933,0.518,0.546,-0.0446,0.965,0.611,0.546,NA
"GCG",0.3,0.933,0.547,0.0156,0.608,0.547,2.56,0.0156,NA
"DMP1",0.3,0.933,0.548,0.359,0.608,0.548,0.93,0.359,NA
"FCAR",0.3,0.933,0.548,0.0697,-0.121,0.904,1.88,0.0697,NA
"TNFRSF13C",0.3,0.933,0.548,0.238,0.607,0.548,1.2,0.238,NA
"AGER",0.301,0.933,0.197,0.549,-1.32,0.197,0.124,0.902,NA
"TXNDC12",0.302,0.933,0.0356,0.55,-2.2,0.0356,-0.604,0.55,NA
"TFPI",0.304,0.933,0.237,0.551,1.21,0.237,0.602,0.551,NA
"CHEBI:15971",0.305,0.933,9.81e-05,0.552,4.45,9.81e-05,0.601,0.552,"histidine"
"TMPRSS15",0.305,0.933,0.553,0.478,-0.133,0.895,0.718,0.478,NA
"OPCML",0.306,0.933,0.553,0.474,0.136,0.893,-0.725,0.474,NA
"LBP",0.309,0.933,0.556,0.224,-0.141,0.889,1.24,0.224,NA
"TPSG1",0.309,0.933,0.121,0.556,1.59,0.121,-0.142,0.888,NA
"MSN",0.31,0.933,0.556,0.00469,0.595,0.556,3.05,0.00469,NA
"Human-virus",0.311,0.933,0.545,0.557,-0.611,0.545,0.146,0.885,NA
"TNFRSF1B",0.311,0.933,0.0234,0.558,-2.38,0.0234,0.146,0.885,NA
"ADIPOQ",0.315,0.933,0.313,0.561,-1.02,0.313,0.154,0.878,NA
"CHEBI:17924",0.315,0.933,0.431,0.561,0.798,0.431,0.588,0.561,"mannitol/sorbitol"
"CHEBI:18261",0.317,0.933,0.563,0.0774,0.161,0.873,-1.83,0.0774,"3-ureidopropionate"
"SOD2",0.317,0.933,0.563,0.168,-0.161,0.873,1.41,0.168,NA
"CHEBI:18154",0.318,0.933,0.0696,0.564,1.88,0.0696,-0.161,0.873,"maltotriose"
"SCARF2",0.318,0.933,0.564,0.302,-0.161,0.873,1.05,0.302,NA
"BMP10",0.319,0.933,0.317,0.565,-1.02,0.317,0.164,0.871,NA
"CFH",0.319,0.933,0.114,0.565,1.62,0.114,-0.165,0.87,NA
"PLA2G1B",0.319,0.933,0.565,0.114,-0.165,0.87,1.63,0.114,NA
"CCDC80",0.32,0.933,0.516,0.566,-0.657,0.516,0.167,0.869,NA
"CXCL1",0.32,0.933,0.343,0.566,0.963,0.343,-0.168,0.868,NA
"CHEBI:17596",0.32,0.933,0.566,0.232,0.168,0.868,-1.22,0.232,"inosine"
"FCGR3B",0.322,0.933,0.119,0.567,-1.6,0.119,-0.578,0.567,NA
"RETN",0.322,0.933,0.117,0.568,-1.61,0.117,0.172,0.865,NA
"TLR2",0.324,0.933,0.569,0.473,-0.175,0.862,0.727,0.473,NA
"CHEBI:83037",0.324,0.933,0.48,0.569,0.715,0.48,0.575,0.569,"andro steroid monosulfate (1)*"
"CHEBI:28821",0.325,0.933,0.313,0.57,1.02,0.313,-0.177,0.861,"piperine"
"MAPKAPK2",0.325,0.933,0.448,0.57,0.769,0.448,-0.177,0.861,NA
"ITGA1",0.325,0.933,0.57,0.25,0.573,0.57,1.17,0.25,NA
"CHEBI:72999",0.326,0.933,0.185,0.571,-1.35,0.185,0.181,0.857,"1,2-dipalmitoyl-GPC (16:0/16:0)"
"HGFAC",0.327,0.933,0.494,0.572,-0.692,0.494,0.183,0.856,NA
"CNTN1",0.327,0.933,0.572,0.415,0.183,0.856,-0.827,0.415,NA
"LYZ",0.327,0.933,0.566,0.572,-0.58,0.566,0.184,0.856,NA
"IL22",0.329,0.933,0.574,0.186,-0.568,0.574,-1.35,0.186,NA
"IL17F",0.33,0.933,0.575,0.37,-0.189,0.851,0.91,0.37,NA
"CHEBI:1372",0.33,0.933,0.0405,0.575,2.14,0.0405,0.567,0.575,"S-1-pyrroline-5-carboxylate"
"ULBP1",0.331,0.933,0.575,0.25,-0.191,0.85,1.17,0.25,NA
"CLIC1",0.331,0.933,0.282,0.575,1.1,0.282,-0.191,0.85,NA
"NTN4",0.331,0.933,0.0621,0.575,-1.93,0.0621,0.191,0.85,NA
"CHEBI:84634",0.331,0.933,0.575,0.497,0.191,0.849,-0.687,0.497,"myristoylcarnitine"
"PLA2G2E",0.331,0.933,0.575,0.162,-0.192,0.849,1.43,0.162,NA
"TNFRSF1A",0.332,0.933,0.0327,0.576,-2.23,0.0327,0.193,0.848,NA
"IGFBP4",0.332,0.933,0.52,0.576,-0.0504,0.96,0.565,0.576,NA
"CHEBI:17509",0.332,0.933,0.577,0.153,0.564,0.577,1.46,0.153,"5-methylthioadenosine (MTA)"
"EPHA1",0.333,0.933,0.577,0.293,0.196,0.846,-1.07,0.293,NA
"MAPK8",0.334,0.933,0.205,0.578,1.29,0.205,-0.198,0.845,NA
"CHEBI:16450",0.334,0.933,0.578,0.168,-0.562,0.578,-1.41,0.168,"2'-deoxyuridine"
"IL1RAP",0.334,0.933,0.116,0.578,-1.62,0.116,0.198,0.844,NA
"CHEBI:16914",0.334,0.933,0.578,0.1,0.199,0.844,-1.69,0.1,"salicylate"
"PROS1",0.336,0.933,0.579,0.457,0.56,0.579,0.754,0.457,NA
"DDR1",0.336,0.933,0.579,0.122,-0.202,0.842,1.59,0.122,NA
"AKT1",0.336,0.933,0.352,0.579,0.945,0.352,-0.202,0.841,NA
"CHEBI:17929",0.338,0.933,0.581,0.343,0.207,0.838,-0.964,0.343,"dimethylarginine (SDMA + ADMA)"
"CXCL10",0.338,0.933,0.581,0.311,-0.207,0.837,1.03,0.311,NA
"PTK2",0.338,0.933,0.582,0.351,-0.208,0.837,0.946,0.351,NA
"CHEBI:37098",0.338,0.933,0.582,0.42,0.208,0.836,-0.818,0.42,"3-hydroxyoctanoate"
"CHEBI:6801",0.339,0.933,0.092,0.582,1.74,0.092,-0.208,0.836,"metformin"
"CFL1",0.339,0.933,0.582,0.567,0.555,0.582,-0.169,0.867,NA
"SNX4",0.34,0.933,0.385,0.583,0.88,0.385,-0.211,0.834,NA
"BIRC7",0.34,0.933,0.583,0.44,0.555,0.583,0.782,0.44,NA
"SCGB2A1",0.34,0.933,0.583,0.502,0.212,0.834,-0.679,0.502,NA
"SIGLEC14",0.34,0.933,0.207,0.583,-1.29,0.207,-0.554,0.583,NA
"ELANE",0.342,0.933,0.585,0.364,0.552,0.585,0.922,0.364,NA
"GZMH",0.342,0.933,0.585,0.183,0.552,0.585,1.36,0.183,NA
"CDH15",0.342,0.933,0.585,0.15,0.216,0.83,-1.48,0.15,NA
"HMGB1",0.342,0.933,0.381,0.585,0.888,0.381,-0.217,0.83,NA
"TDGF1",0.344,0.933,0.586,0.198,0.219,0.828,-1.32,0.198,NA
"PDK1",0.344,0.933,0.484,0.586,-0.708,0.484,0.22,0.827,NA
"CHEBI:17203",0.344,0.933,0.587,0.0268,0.549,0.587,2.33,0.0268,"proline"
"SPHK2",0.344,0.933,0.556,0.587,0.594,0.556,-0.221,0.827,NA
"CHEBI:36274",0.345,0.933,0.587,0.39,0.549,0.587,0.872,0.39,"glycochenodeoxycholate"
"HIST1H1C",0.345,0.933,0.348,0.588,0.952,0.348,-0.223,0.825,NA
"FCN3",0.346,0.933,0.588,0.0901,-0.225,0.824,1.75,0.0901,NA
"IGHM",0.346,0.933,0.171,0.589,-1.4,0.171,0.226,0.823,NA
"NCR3",0.347,0.933,0.128,0.589,-1.56,0.128,0.226,0.823,NA
"CHEBI:73722",0.347,0.933,0.108,0.589,-1.66,0.108,-0.545,0.589,"hexadecanedioate"
"TYRO3",0.348,0.933,0.45,0.59,-0.764,0.45,0.23,0.819,NA
"MET",0.349,0.933,0.59,0.136,-0.23,0.819,1.53,0.136,NA
"GFRA2",0.349,0.933,0.00384,0.591,-3.12,0.00384,0.231,0.819,NA
"IL1B",0.35,0.933,0.346,0.592,-0.957,0.346,0.234,0.817,NA
"CHEBI:30913",0.351,0.933,0.592,0.583,-0.541,0.592,0.213,0.833,"pipecolate"
"IFNL2",0.351,0.933,0.0875,0.593,1.76,0.0875,-0.237,0.814,NA
"CHEBI:73074",0.352,0.933,0.19,0.593,-1.34,0.19,-0.54,0.593,"stearoylcarnitine"
"KLK8",0.352,0.933,0.593,0.477,0.54,0.593,0.72,0.477,NA
"F11",0.352,0.933,0.593,0.279,-0.238,0.813,1.1,0.279,NA
"BCL2L1",0.353,0.933,0.494,0.594,0.691,0.494,-0.241,0.811,NA
"ADRBK1",0.354,0.933,0.328,0.595,0.994,0.328,-0.242,0.811,NA
"PRTN3",0.354,0.933,0.595,0.546,0.242,0.811,-0.61,0.546,NA
"CHEBI:21547",0.354,0.933,0.595,0.103,0.537,0.595,1.68,0.103,"N-acetylaspartate (NAA)"
"ANXA1",0.354,0.933,0.595,0.586,0.537,0.595,-0.219,0.828,NA
"DBNL",0.355,0.933,0.424,0.596,0.81,0.424,-0.244,0.809,NA
"PKM2",0.356,0.933,0.243,0.597,1.19,0.243,-0.246,0.807,NA
"PSPN",0.356,0.933,0.593,0.597,0.54,0.593,0.535,0.597,NA
"PPIB",0.357,0.933,0.163,0.598,-1.43,0.163,0.249,0.805,NA
"NTRK2",0.36,0.933,0.6,0.0164,-0.255,0.801,2.54,0.0164,NA
"AGRP",0.36,0.933,0.6,0.579,-0.256,0.8,0.561,0.579,NA
"FGF20",0.361,0.933,0.526,0.601,0.641,0.526,-0.257,0.799,NA
"CSK",0.362,0.933,0.284,0.602,1.09,0.284,-0.26,0.797,NA
"CX3CL1",0.362,0.933,0.111,0.602,-1.64,0.111,0.26,0.797,NA
"CA6",0.362,0.933,0.0157,0.602,2.55,0.0157,0.527,0.602,NA
"CMPK1",0.363,0.933,0.603,0.353,0.262,0.795,-0.943,0.353,NA
"CST2",0.363,0.933,0.0813,0.603,1.8,0.0813,0.526,0.603,NA
"LGMN",0.365,0.933,0.604,0.347,0.267,0.791,-0.955,0.347,NA
"ANXA6",0.365,0.933,0.283,0.604,1.09,0.283,-0.267,0.791,NA
"DYNLRB1",0.366,0.933,0.279,0.605,1.1,0.279,-0.268,0.791,NA
"AMICA1",0.367,0.933,0.606,0.0513,-0.27,0.789,2.03,0.0513,NA
"ENG",0.367,0.933,0.606,0.556,-0.271,0.788,0.596,0.556,NA
"TNFSF12",0.368,0.933,0.606,0.0805,0.272,0.787,-1.81,0.0805,NA
"CHEBI:49584",0.368,0.933,0.103,0.606,1.68,0.103,-0.272,0.787,"4-ethylphenylsulfate"
"KNG1",0.369,0.933,0.471,0.608,0.73,0.471,-0.275,0.785,NA
"HS6ST1",0.371,0.933,0.609,0.131,-0.279,0.782,1.55,0.131,NA
"TNFRSF12A",0.372,0.933,0.61,0.509,-0.515,0.61,0.0238,0.981,NA
"PDE5A",0.373,0.933,0.389,0.611,0.874,0.389,-0.283,0.779,NA
"CHEBI:15927",0.373,0.933,0.611,0.245,-0.284,0.779,1.18,0.245,"nicotinamide riboside"
"SPHK1",0.376,0.933,0.339,0.613,0.97,0.339,-0.29,0.774,NA
"CD36",0.376,0.933,0.576,0.613,0.565,0.576,-0.291,0.773,NA
"MMP12",0.376,0.933,0.00152,0.614,-3.47,0.00152,0.291,0.773,NA
"IGFBP5",0.377,0.933,0.614,0.524,0.291,0.773,-0.645,0.524,NA
"CHEBI:17650",0.377,0.933,0.614,0.292,0.293,0.772,-1.07,0.292,"cortisol"
"CD207",0.377,0.933,0.614,0.167,0.509,0.614,1.41,0.167,NA
"SEMA3A",0.377,0.933,0.521,0.614,0.0531,0.958,-0.509,0.614,NA
"CHEBI:27468",0.377,0.933,0.614,0.273,-0.293,0.771,1.12,0.273,"5,6-dihydrothymine"
"MST1",0.378,0.933,0.615,0.581,-0.508,0.615,0.205,0.839,NA
"CHEBI:28842",0.379,0.933,0.35,0.615,0.948,0.35,0.508,0.615,"stearate (18:0)"
"CHEBI:73004",0.379,0.933,0.0659,0.615,-1.9,0.0659,0.296,0.769,"1-palmitoyl-GPE (16:0)"
"PRKCG",0.379,0.933,0.616,0.315,0.298,0.768,-1.02,0.315,NA
"CHEBI:15978",0.38,0.933,0.282,0.617,1.09,0.282,0.505,0.617,"glycerol 3-phosphate"
"BCAN",0.382,0.933,0.618,0.352,0.303,0.764,-0.946,0.352,NA
"INS",0.382,0.933,0.347,0.618,0.954,0.347,0.504,0.618,NA
"CHEBI:28364",0.383,0.933,0.012,0.619,2.66,0.012,0.503,0.619,"eicosapentaenoate (EPA; 20:5n3)"
"CHEBI:27732",0.384,0.933,0.0532,0.62,2.01,0.0532,-0.308,0.76,"caffeine"
"LIN7B",0.384,0.933,0.149,0.62,1.48,0.149,-0.308,0.76,NA
"LAYN",0.385,0.933,0.259,0.621,-1.15,0.259,-0.5,0.621,NA
"KIR3DS1",0.385,0.933,0.0751,0.621,1.84,0.0751,-0.31,0.758,NA
"PTEN",0.386,0.933,0.621,0.603,0.312,0.757,-0.525,0.603,NA
"CHEBI:27596",0.386,0.933,0.621,0.594,-0.499,0.621,0.241,0.811,"1-methylhistidine"
"CHEBI:17482",0.386,0.933,0.537,0.622,0.625,0.537,0.499,0.622,"cystathionine"
"CST7",0.387,0.933,0.622,0.353,0.314,0.756,-0.944,0.353,NA
"CCL20",0.387,0.933,0.622,0.508,0.314,0.756,-0.67,0.508,NA
"GDF9",0.387,0.933,0.622,0.243,0.314,0.756,-1.19,0.243,NA
"INHBA",0.388,0.933,0.623,0.0985,0.316,0.754,-1.7,0.0985,NA
"METAP1",0.388,0.933,0.408,0.623,0.839,0.408,-0.316,0.754,NA
"CHEBI:72663",0.389,0.933,0.623,0.238,0.496,0.623,1.2,0.238,"9,10-DiHOME"
"CHEBI:17645",0.389,0.933,0.624,0.312,0.318,0.752,-1.03,0.312,"4-acetamidobutanoate"
"ITIH4",0.389,0.933,0.241,0.624,-1.19,0.241,-0.495,0.624,NA
"SERPINA4",0.39,0.933,0.0222,0.624,2.4,0.0222,0.495,0.624,NA
"GPC3",0.39,0.933,0.624,0.0481,-0.32,0.751,2.06,0.0481,NA
"FGFR1",0.39,0.933,0.0696,0.625,-1.88,0.0696,-0.494,0.625,NA
"CHEBI:27891",0.39,0.933,0.215,0.625,-1.26,0.215,-0.494,0.625,"cysteine s-sulfate"
"TIMP1",0.392,0.933,0.466,0.626,-0.737,0.466,-0.493,0.626,NA
"GRAP2",0.392,0.933,0.201,0.626,-1.31,0.201,0.325,0.748,NA
"PTK6",0.392,0.933,0.626,0.597,0.491,0.626,-0.247,0.806,NA
"CHEBI:82952",0.392,0.933,0.121,0.626,1.59,0.121,-0.325,0.747,"glutarylcarnitine (C5)"
"FRZB",0.393,0.933,0.116,0.627,-1.61,0.116,0.326,0.746,NA
"DPP7",0.393,0.933,0.627,0.589,0.327,0.746,-0.546,0.589,NA
"CHEBI:30832",0.393,0.933,0.0507,0.627,-2.03,0.0507,0.327,0.746,"adipate"
"TIMP3",0.395,0.933,0.218,0.628,1.26,0.218,-0.33,0.744,NA
"MRC2",0.395,0.933,0.628,0.0141,-0.33,0.743,2.6,0.0141,NA
"CHEBI:32796",0.397,0.933,0.0129,0.63,2.63,0.0129,-0.335,0.74,"2-hydroxyglutarate"
"IL37",0.397,0.933,0.19,0.63,-1.34,0.19,-0.486,0.63,NA
"CTF1",0.398,0.933,0.625,0.631,-0.322,0.75,0.485,0.631,NA
"CHEBI:17202",0.399,0.933,0.148,0.632,1.48,0.148,-0.339,0.737,"inosine 5'-monophosphate (IMP)"
"KIR3DL2",0.399,0.933,0.189,0.632,1.34,0.189,0.484,0.632,NA
"NANOG",0.4,0.933,0.632,0.246,0.483,0.632,1.18,0.246,NA
"SFRP1",0.401,0.933,0.633,0.513,0.482,0.633,0.661,0.513,NA
"CCL23",0.402,0.933,0.0765,0.634,-1.83,0.0765,0.345,0.733,NA
"CHEBI:68830",0.402,0.933,0.634,0.438,-0.48,0.634,-0.785,0.438,"decanoylcarnitine"
"PRKCB",0.403,0.933,0.325,0.634,0.999,0.325,-0.347,0.731,NA
"ADGRG5",0.403,0.933,0.625,0.634,0.32,0.751,-0.48,0.634,NA
"AIP",0.403,0.933,0.635,0.621,0.348,0.73,-0.499,0.621,NA
"MMP16",0.403,0.933,0.635,0.0995,0.348,0.73,-1.7,0.0995,NA
"GP6",0.404,0.933,0.549,0.635,0.606,0.549,-0.349,0.729,NA
"CHEBI:73003",0.405,0.933,0.183,0.636,-1.36,0.183,0.352,0.727,"1-palmitoyl-2-arachidonoyl-GPC (16:0/20:4)"
"CHEBI:15963",0.405,0.933,0.636,0.54,-0.352,0.727,0.62,0.54,"ribitol"
"CHEBI:16176",0.406,0.933,0.459,0.637,0.749,0.459,0.476,0.637,"ornithine"
"OCIAD1",0.407,0.933,0.638,0.539,0.356,0.725,-0.621,0.539,NA
"LYN",0.407,0.933,0.286,0.638,1.09,0.286,-0.356,0.724,NA
"SFTPD",0.407,0.933,0.307,0.638,1.04,0.307,-0.357,0.723,NA
"CHEBI:16831",0.407,0.933,0.638,0.533,0.357,0.723,-0.631,0.533,"3-hydroxy-3-methylglutarate"
"CLEC11A",0.408,0.933,0.159,0.638,-1.44,0.159,0.357,0.723,NA
"CHEBI:28790",0.409,0.933,0.226,0.64,1.24,0.226,-0.361,0.72,"serotonin"
"CCL3",0.409,0.933,0.418,0.64,0.82,0.418,-0.361,0.72,NA
"BOC",0.41,0.933,0.64,0.494,-0.363,0.719,0.693,0.494,NA
"MPO",0.411,0.933,0.641,0.634,0.471,0.641,-0.344,0.733,NA
"FCN1",0.411,0.933,0.641,0.179,0.365,0.718,-1.38,0.179,NA
"IBSP",0.412,0.933,2.1e-06,0.642,-5.78,2.1e-06,0.366,0.717,NA
"CHIT1",0.413,0.933,0.047,0.642,-2.07,0.047,-0.469,0.642,NA
"CTSV",0.413,0.933,0.642,0.109,0.469,0.642,1.65,0.109,NA
"CHEBI:49033",0.413,0.933,0.000866,0.642,3.68,0.000866,0.469,0.642,"methionine sulfoxide"
"MMP10",0.413,0.933,0.643,0.0941,0.369,0.715,-1.73,0.0941,NA
"DYRK3",0.415,0.933,0.644,0.206,0.373,0.712,-1.29,0.206,NA
"DUSP3",0.415,0.933,0.169,0.644,1.41,0.169,-0.373,0.712,NA
"MAP2K4",0.416,0.933,0.165,0.645,1.42,0.165,0.465,0.645,NA
"FGF17",0.416,0.933,0.645,0.184,-0.375,0.71,1.36,0.184,NA
"IL11RA",0.416,0.933,0.645,0.0267,-0.376,0.709,2.33,0.0267,NA
"ARTN",0.417,0.933,0.566,0.645,-0.169,0.867,0.465,0.645,NA
"VCAM1",0.417,0.933,0.0154,0.646,-2.56,0.0154,0.378,0.708,NA
"CHEBI:61988",0.418,0.933,0.14,0.646,1.51,0.14,-0.379,0.707,"maltotetraose"
"IL17B",0.418,0.933,0.647,0.0356,-0.379,0.707,2.2,0.0356,NA
"PPIF",0.418,0.933,0.251,0.647,1.17,0.251,-0.38,0.707,NA
"HTRA2",0.42,0.933,0.491,0.648,0.697,0.491,-0.383,0.705,NA
"CHEK2",0.42,0.933,0.648,0.0691,-0.384,0.703,1.88,0.0691,NA
"CHEBI:30860",0.421,0.933,0.0609,0.649,1.94,0.0609,0.46,0.649,"methylmalonate (MMA)"
"TNNI2",0.421,0.933,0.236,0.649,1.21,0.236,0.459,0.649,NA
"PRDX5",0.422,0.933,0.0851,0.65,1.78,0.0851,-0.388,0.7,NA
"CCL16",0.423,0.933,0.65,0.523,-0.389,0.7,0.647,0.523,NA
"AGT",0.423,0.933,0.65,0.397,-0.39,0.699,0.859,0.397,NA
"CHEBI:25858",0.423,0.933,0.0144,0.65,2.59,0.0144,-0.39,0.699,"paraxanthine"
"JAM2",0.424,0.933,0.651,0.123,0.392,0.697,-1.59,0.123,NA
"SERPINA7",0.424,0.933,0.651,0.441,0.393,0.697,-0.781,0.441,NA
"BTK",0.424,0.933,0.319,0.651,1.01,0.319,-0.393,0.697,NA
"GPT",0.425,0.933,0.652,0.453,0.395,0.696,-0.76,0.453,NA
"TNFSF14",0.426,0.933,0.325,0.652,0.999,0.325,-0.396,0.695,NA
"CST6",0.427,0.933,0.654,0.571,-0.453,0.654,0.179,0.859,NA
"LCORL",0.427,0.933,0.654,0.0237,0.453,0.654,2.38,0.0237,NA
"CHEBI:28797",0.428,0.933,0.654,0.545,-0.452,0.654,-0.613,0.545,"2-aminobutyrate"
"SCARF1",0.429,0.933,0.655,0.636,-0.451,0.655,0.351,0.728,NA
"ICAM5",0.431,0.933,0.417,0.657,-0.823,0.417,0.407,0.687,NA
"CD86",0.432,0.933,0.657,0.251,-0.408,0.686,1.17,0.251,NA
"EPHA5",0.432,0.933,0.657,0.155,0.409,0.686,-1.46,0.155,NA
"CALR",0.432,0.933,0.657,0.462,-0.409,0.685,0.745,0.462,NA
"AGR2",0.432,0.933,0.657,0.273,0.409,0.685,-1.12,0.273,NA
"FGF9",0.433,0.933,0.658,0.0696,-0.41,0.685,1.88,0.0696,NA
"CHEBI:65101",0.433,0.933,0.658,0.521,0.411,0.684,-0.649,0.521,"2-hydroxypalmitate"
"FCER2",0.433,0.933,0.0228,0.658,-2.39,0.0228,0.411,0.684,NA
"ANXA2",0.433,0.933,0.658,0.566,0.446,0.658,0.58,0.566,NA
"JAK2",0.434,0.933,0.659,0.356,-0.412,0.683,0.936,0.356,NA
"CHEBI:17310",0.434,0.933,0.659,0.611,0.446,0.659,0.514,0.611,"pyridoxal"
"CHEBI:30817",0.435,0.933,0.0571,0.659,1.97,0.0571,-0.414,0.682,"trans-urocanate"
"NACA",0.435,0.933,0.66,0.283,0.415,0.681,-1.09,0.283,NA
"PIGR",0.437,0.933,0.661,0.523,-0.443,0.661,0.0569,0.955,NA
"SH2D1A",0.437,0.933,0.661,0.486,-0.443,0.661,-0.705,0.486,NA
"IL12A",0.438,0.933,0.662,0.0191,0.422,0.676,-2.47,0.0191,NA
"CA4",0.439,0.933,0.042,0.662,-2.12,0.042,0.423,0.675,NA
"CXCL3",0.439,0.933,0.662,0.525,0.441,0.662,-0.0623,0.951,NA
"TNFSF4",0.439,0.933,0.662,0.507,-0.441,0.662,0.0182,0.986,NA
"ADCYAP1",0.439,0.933,0.662,0.216,-0.441,0.662,-1.26,0.216,NA
"CHEBI:16349",0.44,0.933,0.423,0.663,-0.811,0.423,0.425,0.674,"citrulline"
"CCL7",0.44,0.933,0.663,0.287,-0.425,0.673,1.08,0.287,NA
"CHEBI:16335",0.441,0.933,0.664,0.131,0.427,0.672,-1.55,0.131,"adenosine"
"OLR1",0.441,0.933,0.664,0.222,0.427,0.672,-1.25,0.222,NA
"CHEBI:2596",0.441,0.933,0.664,0.613,-0.438,0.664,-0.511,0.613,"alliin"
"POR",0.441,0.933,0.664,0.533,0.438,0.664,-0.0823,0.935,NA
"CHEBI:15843",0.442,0.933,0.665,0.596,0.438,0.665,0.535,0.596,"arachidonate (20:4n6)"
"CHEBI:30745",0.443,0.933,0.0818,0.665,-1.8,0.0818,-0.437,0.665,"phenylacetate"
"ECM1",0.443,0.933,0.665,0.63,-0.431,0.669,0.487,0.63,NA
"IL3",0.443,0.933,0.498,0.666,-0.685,0.498,-0.436,0.666,NA
"COMMD7",0.443,0.933,0.666,0.63,0.433,0.668,-0.486,0.63,NA
"CHEBI:9008",0.444,0.933,0.667,0.0866,0.435,0.667,-1.77,0.0866,"2-hydroxyhippurate (salicylurate)"
"IDS",0.445,0.933,0.667,0.531,-0.434,0.667,-0.634,0.531,NA
"SERPINA6",0.445,0.933,0.667,0.251,0.436,0.666,-1.17,0.251,NA
"HAPLN1",0.446,0.933,0.584,0.668,0.213,0.833,-0.433,0.668,NA
"EPHB6",0.447,0.933,0.06,0.668,-1.95,0.06,0.439,0.663,NA
"ITGAV",0.447,0.933,0.668,0.18,-0.44,0.663,1.37,0.18,NA
"AURKA",0.447,0.933,0.668,0.0135,-0.44,0.663,2.62,0.0135,NA
"CFB",0.449,0.933,0.67,0.41,0.443,0.661,-0.835,0.41,NA
"DLL4",0.449,0.933,0.67,0.0754,0.443,0.66,-1.84,0.0754,NA
"CHEBI:28478",0.45,0.933,0.379,0.671,0.892,0.379,-0.446,0.659,"2-hydroxyphenylacetate"
"HMGCR",0.45,0.933,0.671,0.151,-0.446,0.658,1.47,0.151,NA
"CASP3",0.451,0.933,0.433,0.672,0.793,0.433,-0.448,0.657,NA
"CNTN2",0.451,0.933,0.672,0.0255,-0.449,0.657,2.35,0.0255,NA
"CHEBI:53486",0.452,0.933,0.197,0.672,1.32,0.197,0.427,0.672,"dihomo-linolenate (20:3n3 or n6)"
"PROK1",0.453,0.933,0.192,0.673,1.33,0.192,-0.452,0.654,NA
"SET",0.453,0.933,0.497,0.673,0.686,0.497,-0.453,0.654,NA
"IL7",0.453,0.933,0.673,0.28,0.425,0.673,1.1,0.28,NA
"UNC5D",0.454,0.933,0.214,0.674,-1.27,0.214,0.455,0.653,NA
"ERBB3",0.456,0.933,0.675,0.249,0.423,0.675,1.18,0.249,NA
"CHEBI:28822",0.456,0.933,0.222,0.676,1.24,0.222,0.423,0.676,"arachidate (20:0)"
"TEC",0.457,0.933,0.528,0.676,0.637,0.528,0.422,0.676,NA
"CHEBI:16870",0.459,0.933,0.502,0.677,0.0062,0.995,-0.42,0.677,"glycerophosphorylcholine (GPC)"
"FGF1",0.459,0.933,0.678,0.0899,-0.466,0.644,1.75,0.0899,NA
"CASP2",0.46,0.933,0.113,0.678,1.63,0.113,-0.466,0.644,NA
"REN",0.46,0.933,0.267,0.678,1.13,0.267,0.419,0.678,NA
"CD109",0.461,0.933,0.679,0.249,-0.468,0.643,1.17,0.249,NA
"FGA",0.461,0.933,0.25,0.679,-1.17,0.25,-0.418,0.679,NA
"CD200",0.462,0.933,0.679,0.329,-0.47,0.641,0.993,0.329,NA
"KLK4",0.462,0.933,0.177,0.68,1.38,0.177,-0.472,0.64,NA
"LRIG3",0.462,0.933,0.68,0.232,-0.472,0.64,1.22,0.232,NA
"HIPK3",0.463,0.933,0.68,0.0757,-0.473,0.64,1.84,0.0757,NA
"BST1",0.465,0.933,0.682,0.0825,-0.477,0.637,1.79,0.0825,NA
"ALB",0.465,0.933,0.682,0.416,-0.478,0.636,0.824,0.416,NA
"GAS1",0.466,0.933,0.683,0.0625,0.479,0.635,-1.93,0.0625,NA
"FAM107A",0.467,0.933,0.683,0.253,-0.481,0.634,1.16,0.253,NA
"ESM1",0.467,0.933,2.78e-05,0.684,-4.89,2.78e-05,-0.412,0.684,NA
"HDAC8",0.467,0.933,0.684,0.491,0.482,0.633,-0.697,0.491,NA
"ADSL",0.467,0.933,0.684,0.143,0.483,0.633,-1.5,0.143,NA
"LGALS3",0.468,0.933,0.684,0.587,-0.41,0.684,-0.549,0.587,NA
"SIGLEC6",0.469,0.933,0.196,0.685,-1.32,0.196,0.486,0.63,NA
"CHEBI:32635",0.47,0.933,0.686,0.296,0.489,0.628,-1.06,0.296,"4-acetaminophen sulfate"
"CCL21",0.47,0.933,0.686,0.026,-0.489,0.628,2.34,0.026,NA
"KAT6A",0.471,0.933,0.686,0.231,-0.408,0.686,-1.22,0.231,NA
"COLEC12",0.472,0.933,0.687,0.475,-0.492,0.626,0.723,0.475,NA
"SIRT2",0.472,0.933,0.687,0.000722,0.493,0.625,-3.75,0.000722,NA
"CLEC7A",0.473,0.933,0.688,0.166,0.494,0.625,-1.42,0.166,NA
"YWHAB,YWHAE,YWHAG,YWHAH,YWHAQ,YWHAZ,SFN",0.474,0.933,0.324,0.688,1,0.324,-0.496,0.623,NA
"CHEBI:17490",0.474,0.933,0.0145,0.689,-2.58,0.0145,-0.404,0.689,"palmitoylcarnitine"
"LILRB1",0.475,0.933,0.00705,0.689,-2.88,0.00705,0.498,0.622,NA
"CDNF",0.475,0.933,0.689,0.164,-0.498,0.622,1.42,0.164,NA
"GFAP",0.475,0.933,0.689,0.301,-0.498,0.622,1.05,0.301,NA
"STAB2",0.475,0.933,0.689,0.178,0.499,0.622,-1.38,0.178,NA
"PDE11A",0.476,0.933,0.69,0.395,0.501,0.62,-0.863,0.395,NA
"STX1A",0.476,0.933,0.146,0.69,1.49,0.146,-0.501,0.62,NA
"NTRK1",0.477,0.933,0.69,0.0673,0.502,0.619,-1.9,0.0673,NA
"TNFRSF9",0.477,0.933,0.69,0.329,-0.402,0.69,-0.993,0.329,NA
"CHEBI:17336",0.477,0.933,3.82e-06,0.691,5.57,3.82e-06,-0.503,0.619,"retinol (Vitamin A)"
"LCMT1",0.477,0.933,0.691,0.221,0.503,0.618,-1.25,0.221,NA
"TNFRSF4",0.478,0.933,0.691,0.534,-0.401,0.691,0.0864,0.932,NA
"C1QBP",0.478,0.933,0.531,0.691,-0.634,0.531,0.505,0.617,NA
"AIF1",0.479,0.933,0.692,0.323,0.507,0.616,-1,0.323,NA
"IL2RA",0.479,0.933,0.692,0.107,0.507,0.615,-1.66,0.107,NA
"CXCL8",0.48,0.933,0.0686,0.693,-1.89,0.0686,-0.399,0.693,NA
"IL27",0.48,0.933,0.693,0.525,-0.398,0.693,-0.643,0.525,NA
"CHEBI:16974",0.48,0.933,0.693,0.643,-0.398,0.693,0.369,0.715,"4-imidazoleacetate"
"CHEBI:16668",0.481,0.933,0.581,0.694,0.205,0.839,-0.397,0.694,"hypotaurine"
"CTSH",0.482,0.933,0.193,0.694,-1.33,0.193,0.513,0.612,NA
"IL1RL1",0.482,0.933,0.694,0.369,-0.513,0.611,0.911,0.369,NA
"TNNI3",0.482,0.933,0.694,0.0214,-0.514,0.611,2.42,0.0214,NA
"NID1",0.482,0.933,0.695,0.416,-0.514,0.611,0.825,0.416,NA
"TNFRSF10A",0.483,0.933,0.138,0.695,-1.52,0.138,0.515,0.61,NA
"H2AFZ",0.484,0.933,0.695,0.341,-0.516,0.609,0.966,0.341,NA
"CDK5",0.485,0.933,0.696,0.65,-0.394,0.696,0.388,0.701,NA
"CASP10",0.486,0.933,0.418,0.697,0.821,0.418,-0.521,0.606,NA
"ITGA2B",0.486,0.933,0.697,0.489,0.521,0.606,-0.7,0.489,NA
"FUT3",0.487,0.933,0.131,0.698,1.55,0.131,-0.523,0.605,NA
"IL25",0.487,0.933,0.698,0.146,0.391,0.698,1.49,0.146,NA
"CDK8",0.488,0.933,0.699,0.606,0.391,0.699,-0.272,0.788,NA
"BIRC3",0.489,0.933,0.699,0.422,-0.527,0.602,0.814,0.422,NA
"CSF2",0.489,0.933,0.198,0.699,-1.31,0.198,-0.39,0.699,NA
"BRF1",0.489,0.933,0.215,0.699,1.27,0.215,-0.528,0.601,NA
"ZAP70",0.489,0.933,0.336,0.7,-0.977,0.336,0.529,0.601,NA
"IL12RB1",0.49,0.933,0.7,0.303,-0.53,0.6,1.05,0.303,NA
"FCGR2A",0.491,0.933,0.701,0.0759,0.388,0.701,1.84,0.0759,NA
"IFNGR1",0.491,0.933,0.701,0.00945,0.388,0.701,2.77,0.00945,NA
"FYN",0.491,0.933,0.495,0.701,0.69,0.495,0.388,0.701,NA
"CA7",0.492,0.933,0.701,0.398,-0.387,0.701,-0.858,0.398,NA
"LIFR",0.492,0.933,0.583,0.702,0.554,0.583,0.387,0.702,NA
"IL18RAP",0.493,0.933,0.702,0.0136,0.535,0.596,-2.62,0.0136,NA
"CHEBI:16189",0.493,0.933,0.0723,0.702,1.86,0.0723,-0.537,0.595,"sulfate*"
"CHEBI:17768",0.494,0.933,0.0334,0.703,2.22,0.0334,-0.539,0.594,"N-acetylputrescine"
"CHEBI:16347",0.494,0.933,0.398,0.703,0.858,0.398,-0.539,0.594,"carnitine"
"PRKAA2",0.496,0.933,0.39,0.705,0.872,0.39,-0.543,0.591,NA
"IL10RB",0.497,0.933,0.349,0.705,-0.95,0.349,0.545,0.59,NA
"NOTCH1",0.497,0.933,0.705,0.336,-0.545,0.59,0.978,0.336,NA
"CHEBI:1941",0.498,0.933,0.181,0.705,1.37,0.181,-0.546,0.589,"deoxycarnitine"
"CHEBI:17724",0.498,0.933,0.706,0.536,0.546,0.589,-0.625,0.536,"dimethylglycine"
"PSME3",0.498,0.933,0.706,0.285,0.381,0.706,1.09,0.285,NA
"ERBB2",0.499,0.933,0.706,0.296,-0.548,0.587,1.06,0.296,NA
"C7",0.5,0.933,0.363,0.707,-0.924,0.363,0.55,0.586,NA
"CRP",0.5,0.933,0.707,0.699,0.379,0.707,0.39,0.699,NA
"CCL3L1",0.5,0.933,0.707,0.256,-0.55,0.586,1.16,0.256,NA
"SERPINE2",0.5,0.933,0.707,0.126,0.551,0.585,-1.57,0.126,NA
"MICB",0.501,0.933,0.631,0.708,-0.337,0.738,0.379,0.708,NA
"ENTPD5",0.501,0.933,0.383,0.708,0.884,0.383,-0.552,0.585,NA
"CNDP2",0.501,0.933,0.708,0.0831,0.552,0.584,-1.79,0.0831,NA
"FCGR2B",0.501,0.933,0.321,0.708,-1.01,0.321,0.553,0.584,NA
"CHEBI:28946",0.501,0.933,0.0736,0.708,1.85,0.0736,-0.553,0.584,"theobromine"
"IL23R",0.501,0.933,0.708,0.232,0.553,0.584,-1.22,0.232,NA
"PLAU",0.503,0.933,0.162,0.709,-1.43,0.162,0.556,0.582,NA
"ANGPT1",0.503,0.933,0.144,0.709,1.5,0.144,-0.556,0.582,NA
"LGALS2",0.503,0.933,0.258,0.71,-1.15,0.258,0.558,0.581,NA
"CHEBI:16411",0.504,0.933,0.225,0.71,-1.24,0.225,0.559,0.58,"indoleacetate"
"NTRK3",0.504,0.933,0.368,0.71,0.912,0.368,0.375,0.71,NA
"FUT5",0.506,0.933,0.31,0.711,-1.03,0.31,-0.373,0.711,NA
"APOD",0.507,0.933,0.712,0.101,0.566,0.576,-1.69,0.101,NA
"KRT18",0.508,0.933,0.712,0.374,0.566,0.575,-0.901,0.374,NA
"IL7R",0.508,0.933,0.713,0.48,-0.567,0.575,0.716,0.48,NA
"C1R",0.509,0.933,0.713,0.615,-0.37,0.713,0.294,0.771,NA
"CHEBI:81014",0.51,0.933,0.714,0.347,0.571,0.572,-0.956,0.347,"3-hydroxy-5-cholestenoic acid"
"CCL4L1",0.51,0.933,0.408,0.714,0.838,0.408,0.369,0.714,NA
"TNFRSF11B",0.511,0.933,0.0457,0.715,-2.08,0.0457,0.573,0.571,NA
"CDH5",0.511,0.933,0.715,0.122,-0.574,0.57,1.59,0.122,NA
"CAMK1",0.512,0.933,0.715,0.326,-0.575,0.57,0.999,0.326,NA
"SPINT1",0.512,0.933,0.716,0.0614,-0.576,0.569,1.94,0.0614,NA
"CHEBI:21557",0.512,0.933,0.716,0.569,-0.368,0.716,0.175,0.862,"N-acetylmethionine"
"MBL2",0.512,0.933,0.521,0.716,0.0536,0.958,-0.368,0.716,NA
"CHEBI:40992",0.513,0.933,0.329,0.716,0.991,0.329,-0.577,0.568,"N-acetylalanine"
"CHEBI:48131",0.514,0.933,0.393,0.717,0.865,0.393,-0.58,0.566,"azelate (nonanedioate)"
"BCL2A1",0.514,0.933,0.717,0.176,0.58,0.566,-1.38,0.176,NA
"PDGFRB",0.514,0.933,0.52,0.717,-0.0502,0.96,0.365,0.717,NA
"HGF",0.515,0.933,0.717,0.555,0.365,0.717,-0.14,0.89,NA
"IL5RA",0.515,0.933,0.404,0.718,-0.845,0.404,0.583,0.564,NA
"PLA2G2A",0.516,0.933,0.254,0.718,-1.16,0.254,0.584,0.564,NA
"PDE3A",0.516,0.933,0.718,0.221,0.584,0.563,-1.25,0.221,NA
"SERPINE1",0.516,0.933,0.106,0.718,1.67,0.106,-0.585,0.563,NA
"ERAP1",0.519,0.933,0.678,0.72,0.419,0.678,0.362,0.72,NA
"CHEBI:70749",0.52,0.933,0.632,0.721,0.341,0.736,-0.361,0.721,"hexanoylcarnitine"
"WFIKKN2",0.52,0.933,0.363,0.721,-0.924,0.363,0.592,0.558,NA
"TNFRSF13B",0.52,0.933,0.721,0.222,0.592,0.558,-1.25,0.222,NA
"SERPINA5",0.521,0.933,0.451,0.722,0.762,0.451,0.36,0.722,NA
"KDR",0.521,0.933,0.722,0.0666,-0.594,0.557,1.9,0.0666,NA
"CTSE",0.521,0.933,0.722,0.541,0.359,0.722,0.618,0.541,NA
"GPC5",0.521,0.933,0.722,0.0268,-0.595,0.556,2.33,0.0268,NA
"TGFBR2",0.521,0.933,0.722,0.101,-0.595,0.556,1.69,0.101,NA
"MMP2",0.522,0.933,0.071,0.722,-1.87,0.071,0.596,0.555,NA
"PAFAH1B2",0.523,0.933,0.723,0.141,0.598,0.554,-1.51,0.141,NA
"TNFSF18",0.523,0.933,0.723,0.262,0.358,0.723,1.14,0.262,NA
"CHST2",0.523,0.933,0.723,0.0995,0.598,0.554,-1.7,0.0995,NA
"CSF1",0.523,0.933,0.723,0.222,-0.358,0.723,-1.25,0.222,NA
"FGFR3",0.523,0.933,0.56,0.723,0.589,0.56,0.357,0.723,NA
"IL17D",0.523,0.933,0.723,0.127,0.599,0.553,-1.57,0.127,NA
"BGN",0.523,0.933,0.723,0.277,0.599,0.553,-1.11,0.277,NA
"IMPDH2",0.524,0.933,0.724,0.0749,0.6,0.553,-1.84,0.0749,NA
"CHEBI:47937",0.524,0.933,0.0495,0.724,2.04,0.0495,-0.601,0.552,"maltose"
"CPB2",0.524,0.933,0.724,0.148,0.356,0.724,1.48,0.148,NA
"LRRTM3",0.525,0.933,0.724,0.0888,-0.602,0.552,1.76,0.0888,NA
"TNFSF9",0.525,0.933,0.724,0.11,-0.602,0.551,1.64,0.11,NA
"CLEC4M",0.525,0.933,0.539,0.725,-0.621,0.539,0.604,0.55,NA
"WISP1",0.526,0.933,0.725,0.0938,-0.604,0.55,1.73,0.0938,NA
"BCAM",0.526,0.933,0.47,0.725,-0.731,0.47,0.604,0.55,NA
"CTSA",0.527,0.933,0.726,0.386,0.354,0.726,0.879,0.386,NA
"CAMK2B",0.527,0.933,0.335,0.726,0.978,0.335,0.354,0.726,NA
"PRKACA",0.528,0.933,0.153,0.727,1.47,0.153,-0.609,0.547,NA
"FER",0.528,0.933,0.49,0.727,0.699,0.49,0.353,0.727,NA
"TNFRSF14",0.529,0.933,0.532,0.727,-0.632,0.532,0.612,0.545,NA
"F5",0.53,0.933,0.728,0.492,0.613,0.544,-0.695,0.492,NA
"SLAMF6",0.53,0.933,0.458,0.728,-0.751,0.458,0.614,0.544,NA
"MSR1",0.53,0.933,0.728,0.329,0.614,0.543,-0.993,0.329,NA
"LAMA1",0.531,0.933,0.728,0.0321,-0.615,0.543,2.24,0.0321,NA
"CD300C",0.531,0.933,0.311,0.729,-1.03,0.311,0.615,0.543,NA
"IGHE",0.531,0.933,0.258,0.729,-1.15,0.258,-0.35,0.729,NA
"PCNA",0.532,0.933,0.729,0.064,0.349,0.729,1.92,0.064,NA
"ROR1",0.533,0.933,0.0537,0.73,-2,0.0537,0.619,0.54,NA
"RPSA",0.533,0.933,0.563,0.73,0.585,0.563,0.349,0.73,NA
"FGF23",0.533,0.933,0.73,0.309,-0.619,0.54,1.03,0.309,NA
"CHEBI:32643",0.533,0.933,0.103,0.73,1.68,0.103,-0.62,0.54,"5-acetylamino-6-formylamino-3-methyluracil"
"CTSB",0.533,0.933,0.73,0.347,-0.62,0.539,0.954,0.347,NA
"AHSG",0.534,0.933,0.41,0.731,0.834,0.41,-0.621,0.539,NA
"DLL1",0.536,0.933,0.0309,0.732,-2.26,0.0309,0.626,0.536,NA
"IL22RA2",0.536,0.933,0.232,0.732,-1.22,0.232,0.627,0.535,NA
"CSNK2A2",0.536,0.933,0.732,0.428,0.627,0.535,-0.803,0.428,NA
"KLRF1",0.537,0.933,0.733,0.596,0.345,0.733,0.536,0.596,NA
"PTH",0.537,0.933,0.733,0.551,0.344,0.733,0.603,0.551,NA
"PTPN1",0.537,0.933,0.511,0.733,0.665,0.511,-0.629,0.534,NA
"CYCS",0.538,0.933,0.733,0.145,0.344,0.733,1.5,0.145,NA
"ACAN",0.538,0.933,0.733,0.0351,0.63,0.533,-2.2,0.0351,NA
"KLK14",0.539,0.933,0.734,0.245,0.632,0.532,-1.19,0.245,NA
"TNFRSF11A",0.539,0.933,0.734,0.1,0.633,0.531,-1.69,0.1,NA
"DKK4",0.54,0.933,0.735,0.515,0.342,0.735,0.659,0.515,NA
"KLRK1",0.54,0.933,0.358,0.735,0.933,0.358,-0.634,0.53,NA
"CSF3R",0.54,0.933,0.735,0.124,0.635,0.53,-1.58,0.124,NA
"PDIA3",0.541,0.933,0.735,0.203,0.636,0.529,-1.3,0.203,NA
"STK17B",0.541,0.933,0.735,0.141,0.636,0.529,-1.51,0.141,NA
"ICAM2",0.541,0.933,0.2,0.736,-1.31,0.2,0.638,0.528,NA
"C4A",0.542,0.933,0.736,0.209,-0.638,0.528,1.28,0.209,NA
"CHEBI:50619",0.542,0.933,0.736,0.164,0.34,0.736,1.43,0.164,"gamma-glutamylalanine"
"CHEBI:30887",0.542,0.933,0.736,0.465,0.639,0.527,-0.741,0.465,"isocitrate"
"SELP",0.543,0.933,0.162,0.737,1.43,0.162,-0.64,0.527,NA
"CRTAM",0.544,0.933,0.738,0.0991,0.643,0.525,-1.7,0.0991,NA
"ERBB4",0.546,0.933,0.739,0.23,-0.646,0.523,1.22,0.23,NA
"CDC42BPB",0.547,0.933,0.739,0.127,0.648,0.521,-1.57,0.127,NA
"CDH2",0.548,0.933,0.74,0.107,-0.651,0.52,1.66,0.107,NA
"LRPAP1",0.549,0.933,0.741,0.236,0.653,0.519,-1.21,0.236,NA
"NCR2",0.549,0.933,0.231,0.741,1.22,0.231,-0.655,0.518,NA
"MAPK11",0.549,0.933,0.741,0.418,-0.655,0.517,0.821,0.418,NA
"ACE2",0.55,0.933,0.741,0.167,0.655,0.517,-1.42,0.167,NA
"JAG2",0.55,0.933,0.742,0.0674,-0.656,0.517,1.9,0.0674,NA
"DKK1",0.551,0.933,0.237,0.742,1.21,0.237,-0.657,0.516,NA
"MPL",0.551,0.933,0.588,0.742,0.224,0.824,-0.332,0.742,NA
"CHEBI:27905",0.552,0.933,0.054,0.743,-2,0.054,0.66,0.514,"phenol sulfate"
"CHEBI:30776",0.553,0.933,0.744,0.525,0.33,0.744,-0.0643,0.949,"caproate (6:0)"
"HAVCR2",0.553,0.933,0.00206,0.744,-3.35,0.00206,0.663,0.512,NA
"CHEBI:68449",0.554,0.933,0.0267,0.744,2.32,0.0267,-0.663,0.512,"1,7-dimethylurate"
"CNTN5",0.555,0.933,0.0946,0.745,1.72,0.0946,-0.666,0.51,NA
"CXCL6",0.556,0.933,0.745,0.6,0.328,0.745,-0.255,0.8,NA
"PLA2G7",0.556,0.933,0.746,0.485,0.669,0.509,-0.707,0.485,NA
"EIF4EBP2",0.557,0.933,0.746,0.15,0.671,0.507,-1.48,0.15,NA
"HIBADH",0.557,0.933,0.747,0.324,-0.671,0.507,1,0.324,NA
"CNTFR",0.557,0.933,0.357,0.747,-0.934,0.357,0.672,0.507,NA
"C6",0.558,0.933,0.621,0.747,0.31,0.759,-0.326,0.747,NA
"TEK",0.559,0.933,0.678,0.748,-0.419,0.678,-0.324,0.748,NA
"SEMA6A",0.56,0.933,0.749,0.345,-0.678,0.503,0.959,0.345,NA
"RARRES2",0.561,0.933,0.0768,0.749,1.83,0.0768,-0.679,0.502,NA
"CHEBI:17553",0.561,0.933,0.139,0.749,1.52,0.139,-0.679,0.502,"phosphoethanolamine"
"CHEBI:70979",0.562,0.933,0.0688,0.75,1.88,0.0688,-0.682,0.5,"isobutyrylglycine"
"CA10",0.563,0.933,0.386,0.751,-0.88,0.386,0.684,0.499,NA
"APP",0.564,0.933,0.239,0.751,1.2,0.239,-0.685,0.498,NA
"CHEBI:18132",0.564,0.933,0.0141,0.751,2.6,0.0141,-0.686,0.498,"choline phosphate"
"TPSB2",0.566,0.933,0.152,0.752,-1.47,0.152,0.69,0.496,NA
"MEPE",0.567,0.933,0.753,0.416,0.692,0.494,-0.825,0.416,NA
"MAPKAPK3",0.567,0.933,0.428,0.753,0.802,0.428,0.317,0.753,NA
"CHEBI:16675",0.568,0.933,0.754,0.351,0.317,0.754,0.947,0.351,"quinolinate"
"PLCG1",0.568,0.933,0.256,0.754,1.16,0.256,-0.695,0.492,NA
"PGF",0.57,0.933,0.755,0.0714,-0.697,0.491,1.87,0.0714,NA
"PLAT",0.57,0.933,0.755,0.019,-0.698,0.49,2.48,0.019,NA
"CHEBI:16283",0.572,0.933,0.369,0.756,0.911,0.369,-0.702,0.488,"cystine"
"IL4R",0.572,0.933,0.756,0.127,-0.703,0.487,1.57,0.127,NA
"CTSC",0.572,0.933,0.757,0.109,-0.703,0.487,1.65,0.109,NA
"SRC",0.573,0.933,0.379,0.757,0.893,0.379,0.313,0.757,NA
"PIK3CG",0.573,0.933,0.595,0.757,-0.242,0.811,0.312,0.757,NA
"EPHB4",0.573,0.933,0.757,0.0996,0.705,0.486,-1.7,0.0996,NA
"MIF",0.574,0.933,0.347,0.758,0.955,0.347,-0.707,0.485,NA
"MFGE8",0.574,0.933,0.758,0.106,-0.707,0.485,1.67,0.106,NA
"KLK6",0.574,0.933,0.758,0.304,-0.707,0.485,1.05,0.304,NA
"CHEBI:32362",0.575,0.933,0.758,0.577,-0.311,0.758,0.196,0.846,"heptanoate (7:0)"
"HINT1",0.576,0.933,0.759,0.369,0.711,0.482,-0.911,0.369,NA
"ACVRL1",0.576,0.933,0.759,0.196,0.712,0.482,-1.32,0.196,NA
"RELT",0.577,0.933,0.47,0.76,-0.73,0.47,0.713,0.481,NA
"DDX19B",0.577,0.933,0.76,0.177,-0.714,0.481,1.38,0.177,NA
"GFRA1",0.58,0.933,0.761,0.0637,-0.72,0.477,1.92,0.0637,NA
"FGFR4",0.58,0.933,0.299,0.762,1.06,0.299,-0.721,0.476,NA
"CHEBI:68444",0.581,0.933,0.018,0.762,2.49,0.018,-0.722,0.476,"1-methylxanthine"
"NXPH1",0.581,0.933,0.761,0.762,0.307,0.761,0.305,0.762,NA
"CBX5",0.582,0.933,0.134,0.763,1.54,0.134,0.305,0.763,NA
"CTSG",0.582,0.933,0.763,0.229,0.725,0.474,-1.23,0.229,NA
"MMP3",0.583,0.933,0.763,0.3,0.726,0.473,-1.05,0.3,NA
"GPNMB",0.583,0.933,0.00302,0.764,-3.21,0.00302,0.727,0.473,NA
"SSRP1",0.583,0.933,0.265,0.764,1.13,0.265,-0.727,0.473,NA
"IGFBP7",0.583,0.933,0.764,0.163,-0.727,0.473,1.43,0.163,NA
"CST3",0.585,0.933,0.585,0.765,-0.552,0.585,-0.302,0.765,NA
"FSTL3",0.585,0.933,0.316,0.765,-1.02,0.316,0.73,0.471,NA
"CHEBI:18300",0.585,0.933,0.354,0.765,-0.942,0.354,0.731,0.47,"maleate"
"ADAMTS4",0.586,0.933,0.68,0.765,0.416,0.68,0.301,0.765,NA
"PAK7",0.586,0.933,0.765,0.106,0.733,0.469,-1.66,0.106,NA
"NR3C1",0.587,0.933,0.42,0.766,0.818,0.42,-0.736,0.467,NA
"GPC2",0.588,0.933,0.499,0.767,0.684,0.499,0.299,0.767,NA
"NTF3",0.588,0.933,0.767,0.169,0.738,0.466,-1.41,0.169,NA
"EPHA10",0.589,0.933,0.767,0.00956,0.299,0.767,2.76,0.00956,NA
"TNFRSF17",0.589,0.933,0.0409,0.767,-2.13,0.0409,0.739,0.466,NA
"CHEBI:18089",0.589,0.933,0.767,0.408,-0.298,0.767,-0.84,0.408,"hippurate"
"OLFM4",0.589,0.933,0.424,0.768,-0.81,0.424,0.74,0.465,NA
"LY86",0.589,0.933,0.768,0.215,0.74,0.465,-1.27,0.215,NA
"HPX",0.589,0.933,0.729,0.768,0.35,0.729,0.298,0.768,NA
"CD200R1",0.591,0.933,0.516,0.769,0.0403,0.968,-0.297,0.769,NA
"CADM1",0.591,0.933,0.752,0.769,0.319,0.752,0.297,0.769,NA
"CHEBI:60175",0.592,0.933,0.0756,0.77,-1.84,0.0756,-0.295,0.77,"5-hydroxylysine"
"ICOS",0.592,0.933,0.77,0.0441,0.747,0.461,-2.1,0.0441,NA
"STIP1",0.593,0.933,0.77,0.167,0.748,0.46,-1.41,0.167,NA
"TPM1",0.593,0.933,0.77,0.117,-0.748,0.46,1.61,0.117,NA
"IDE",0.593,0.933,0.77,0.0622,0.749,0.46,-1.93,0.0622,NA
"CHEBI:70824",0.594,0.933,0.00832,0.771,2.81,0.00832,-0.751,0.458,"3-hydroxyhippurate"
"FABP3",0.594,0.933,0.771,0.254,-0.751,0.458,1.16,0.254,NA
"SBDS",0.596,0.933,0.31,0.772,1.03,0.31,-0.755,0.456,NA
"CHST6",0.597,0.933,0.102,0.773,-1.68,0.102,0.757,0.455,NA
"CD55",0.597,0.933,0.773,0.394,-0.757,0.455,0.865,0.394,NA
"CSNK2A1",0.597,0.933,0.773,0.142,0.757,0.455,-1.51,0.142,NA
"SNRPF",0.598,0.933,0.48,0.773,-0.714,0.48,-0.291,0.773,NA
"CHEBI:72998",0.598,0.933,0.319,0.774,-1.01,0.319,0.76,0.453,"1-palmitoyl-GPC (16:0)"
"EFNA5",0.6,0.933,0.175,0.775,-1.39,0.175,0.764,0.45,NA
"KLKB1",0.6,0.933,0.293,0.775,1.07,0.293,0.289,0.775,NA
"C5",0.6,0.933,0.111,0.775,1.64,0.111,-0.764,0.45,NA
"TK1",0.6,0.933,0.775,0.0856,-0.764,0.45,1.78,0.0856,NA
"CSF1R",0.606,0.933,0.0864,0.778,-1.77,0.0864,0.776,0.444,NA
"CHEBI:58080",0.606,0.933,0.778,0.652,-0.284,0.778,-0.456,0.652,"N-acetylglucosaminylasparagine "
"TNFSF8",0.606,0.933,0.299,0.778,-1.06,0.299,0.776,0.444,NA
"BMX",0.606,0.933,0.779,0.0194,0.777,0.443,-2.47,0.0194,NA
"MAPK9",0.607,0.933,0.269,0.779,-1.12,0.269,0.78,0.442,NA
"L1CAM",0.607,0.933,0.779,0.000571,-0.779,0.442,3.84,0.000571,NA
"SYNCRIP",0.608,0.933,0.431,0.78,0.798,0.431,-0.781,0.441,NA
"TF",0.608,0.933,0.78,0.127,0.781,0.44,-1.57,0.127,NA
"PIM1",0.609,0.933,0.78,0.249,-0.783,0.439,1.17,0.249,NA
"MASP1",0.61,0.933,0.781,0.156,-0.786,0.438,1.45,0.156,NA
"PES1",0.611,0.933,0.782,0.056,0.788,0.437,-1.99,0.056,NA
"CPE",0.612,0.933,0.0448,0.782,-2.09,0.0448,0.789,0.436,NA
"CHEBI:7916",0.613,0.933,0.0174,0.783,-2.51,0.0174,0.792,0.435,"pantothenate"
"NRXN3",0.614,0.933,0.784,0.178,-0.795,0.432,1.38,0.178,NA
"PFDN5",0.615,0.933,0.784,0.0666,0.796,0.432,-1.9,0.0666,NA
"CHEK1",0.615,0.933,0.784,0.471,-0.276,0.784,-0.729,0.471,NA
"PDGFB",0.616,0.933,0.152,0.785,1.47,0.152,-0.799,0.431,NA
"VWF",0.617,0.933,0.786,0.27,-0.802,0.428,1.12,0.27,NA
"PTPN6",0.618,0.933,0.786,0.363,0.804,0.428,-0.924,0.363,NA
"SIGLEC9",0.618,0.933,0.786,0.254,-0.804,0.427,1.16,0.254,NA
"UCHL1",0.619,0.933,0.787,0.219,0.805,0.427,-1.25,0.219,NA
"CHEBI:15842",0.619,0.933,0.787,0.0771,-0.273,0.787,-1.83,0.0771,"orotidine"
"RASA1",0.62,0.933,0.788,0.133,-0.808,0.425,1.54,0.133,NA
"EIF5",0.62,0.933,0.788,0.0596,0.809,0.425,-1.96,0.0596,NA
"KLK5",0.62,0.933,0.788,0.134,-0.809,0.425,1.54,0.134,NA
"IL18BP",0.62,0.933,0.0746,0.788,-1.84,0.0746,0.809,0.425,NA
"FGF5",0.621,0.933,0.788,0.0228,-0.81,0.424,2.4,0.0228,NA
"CXCL12",0.622,0.933,0.00772,0.788,-2.84,0.00772,0.812,0.423,NA
"NMT1",0.622,0.933,0.327,0.789,0.995,0.327,-0.813,0.423,NA
"SFN",0.622,0.933,0.789,0.1,0.813,0.422,-1.7,0.1,NA
"KIT",0.623,0.933,0.789,0.0876,-0.815,0.421,1.76,0.0876,NA
"CNTF",0.624,0.933,0.79,0.0717,-0.816,0.421,1.86,0.0717,NA
"CHEBI:16552",0.624,0.933,0.0222,0.79,2.4,0.0222,0.269,0.79,"N-formylmethionine"
"FGF2",0.624,0.933,0.79,0.144,0.268,0.79,1.5,0.144,NA
"STK16",0.625,0.933,0.791,0.0268,-0.819,0.419,2.32,0.0268,NA
"SLITRK5",0.626,0.933,0.371,0.791,-0.908,0.371,0.823,0.417,NA
"IL10",0.627,0.933,0.792,0.324,-0.823,0.417,1,0.324,NA
"PGLYRP1",0.629,0.933,0.793,0.19,0.827,0.414,-1.34,0.19,NA
"NRXN1",0.629,0.933,0.177,0.793,-1.38,0.177,0.829,0.414,NA
"RAD51",0.63,0.933,0.0972,0.793,-1.71,0.0972,0.83,0.413,NA
"IL11",0.63,0.933,0.794,0.0791,0.83,0.413,-1.82,0.0791,NA
"CHEBI:15999",0.63,0.933,0.794,4.68e-05,0.264,0.794,4.73,4.68e-05,"4-hydroxyphenylpyruvate"
"MST1R",0.63,0.933,0.794,0.406,-0.83,0.413,0.842,0.406,NA
"CHEBI:18101",0.631,0.933,0.794,0.336,-0.832,0.412,0.977,0.336,"4-hydroxyphenylacetate"
"CHEBI:15444",0.631,0.933,0.794,0.00038,-0.833,0.411,3.99,0.00038,"glucose"
"KREMEN2",0.631,0.933,0.795,0.0869,0.834,0.411,-1.77,0.0869,NA
"MICA",0.632,0.933,0.795,0.129,-0.834,0.411,1.56,0.129,NA
"IL17RC",0.632,0.933,0.795,0.218,-0.834,0.41,1.26,0.218,NA
"PDCD1LG2",0.632,0.933,0.795,0.0188,0.835,0.41,-2.48,0.0188,NA
"HFE2",0.632,0.933,0.795,0.0709,0.262,0.795,1.87,0.0709,NA
"NID2",0.633,0.933,0.575,0.795,0.191,0.849,-0.261,0.795,NA
"MRC1",0.635,0.933,0.797,0.548,-0.259,0.797,-0.607,0.548,NA
"CCL19",0.636,0.933,0.798,0.0721,-0.844,0.405,1.86,0.0721,NA
"NCAM1",0.637,0.933,0.798,0.199,-0.846,0.404,1.31,0.199,NA
"PLAUR",0.637,0.933,0.047,0.798,-2.07,0.047,0.847,0.404,NA
"PLK1",0.638,0.933,0.798,0.0805,0.257,0.798,1.81,0.0805,NA
"CHEBI:17720",0.638,0.933,0.799,0.0924,0.848,0.403,-1.74,0.0924,"2,3-diphosphoglycerate"
"MMP9",0.639,0.933,0.799,0.182,0.85,0.402,-1.37,0.182,NA
"IL17RD",0.639,0.933,0.799,0.14,-0.85,0.401,1.52,0.14,NA
"GZMA",0.639,0.933,0.0195,0.8,-2.46,0.0195,0.852,0.401,NA
"DIABLO",0.639,0.933,0.8,0.105,-0.851,0.401,1.67,0.105,NA
"PDGFA",0.639,0.933,0.14,0.8,1.51,0.14,-0.852,0.401,NA
"JAG1",0.64,0.933,0.8,0.0201,-0.853,0.4,2.45,0.0201,NA
"TGFB1",0.64,0.933,0.8,0.0657,0.853,0.4,-1.91,0.0657,NA
"CHEBI:15799",0.64,0.933,0.173,0.8,-1.39,0.173,0.854,0.4,"1-palmitoyl-GPA (16:0)"
"PGAM1",0.64,0.933,0.8,0.0639,-0.854,0.4,1.92,0.0639,NA
"CHEBI:53455",0.641,0.933,0.54,0.8,0.101,0.921,-0.255,0.8,"xylose"
"GSK3A",0.641,0.933,0.264,0.801,1.14,0.264,-0.855,0.399,NA
"MFRP",0.641,0.933,0.299,0.801,1.06,0.299,-0.856,0.399,NA
"CHEBI:15891",0.642,0.933,0.147,0.801,1.49,0.147,-0.857,0.398,"taurine"
"BMPER",0.642,0.933,0.801,0.0279,-0.857,0.398,2.31,0.0279,NA
"IGFBP3",0.642,0.933,0.801,0.322,-0.254,0.801,-1.01,0.322,NA
"PSMA2",0.642,0.933,0.801,0.175,0.857,0.398,-1.39,0.175,NA
"CHEBI:18135",0.642,0.933,0.321,0.801,1.01,0.321,-0.859,0.397,"catechol sulfate"
"SERPINC1",0.642,0.933,0.802,0.0336,0.859,0.397,-2.22,0.0336,NA
"HPGD",0.643,0.933,0.332,0.802,0.985,0.332,-0.861,0.396,NA
"PLG",0.644,0.933,0.0946,0.802,1.72,0.0946,-0.862,0.395,NA
"CHST15",0.644,0.933,0.0946,0.802,-1.72,0.0946,0.862,0.395,NA
"SST",0.644,0.933,0.803,0.196,0.252,0.803,1.32,0.196,NA
"MAPK12",0.644,0.933,0.387,0.803,0.878,0.387,-0.863,0.395,NA
"NOTCH3",0.645,0.933,0.803,0.181,-0.864,0.394,1.37,0.181,NA
"SKP1",0.645,0.933,0.803,0.105,0.864,0.394,-1.67,0.105,NA
"PRSS2",0.645,0.933,0.00958,0.803,-2.76,0.00958,0.865,0.394,NA
"MIA",0.646,0.933,0.804,0.239,-0.867,0.393,1.2,0.239,NA
"PPID",0.648,0.933,0.434,0.805,0.793,0.434,0.249,0.805,NA
"ANGPTL3",0.648,0.933,0.805,0.0429,0.872,0.39,-2.11,0.0429,NA
"KLK3",0.648,0.933,0.805,0.666,0.249,0.805,0.435,0.666,NA
"IL6",0.649,0.933,0.806,0.153,0.874,0.389,-1.46,0.153,NA
"CHEBI:27510",0.649,0.933,0.21,0.806,1.28,0.21,-0.875,0.388,"4-hydroxycoumarin"
"CHEBI:45744",0.649,0.933,0.696,0.806,0.394,0.696,0.248,0.806,"N-acetylneuraminate"
"CPNE1",0.65,0.933,0.806,0.0334,0.875,0.388,-2.23,0.0334,NA
"FASLG",0.651,0.933,0.807,0.0751,-0.877,0.387,1.84,0.0751,NA
"P4HB",0.651,0.933,0.797,0.807,0.26,0.797,0.247,0.807,NA
"DCTN2",0.651,0.933,0.807,0.13,0.879,0.386,-1.56,0.13,NA
"PRKCD",0.651,0.933,0.807,0.11,0.879,0.386,-1.64,0.11,NA
"GDF5",0.652,0.933,0.807,0.0181,0.88,0.386,-2.5,0.0181,NA
"BDNF",0.652,0.933,0.0779,0.808,1.82,0.0779,-0.882,0.385,NA
"IL24",0.653,0.933,0.207,0.808,1.29,0.207,-0.882,0.384,NA
"TGFBR3",0.654,0.933,0.809,0.683,-0.244,0.809,-0.412,0.683,NA
"MED1",0.654,0.933,0.809,0.0651,0.885,0.383,-1.91,0.0651,NA
"CHEBI:17405",0.654,0.933,0.809,0.289,0.244,0.809,1.08,0.289,"pyridoxate"
"PPBP",0.655,0.933,0.228,0.809,1.23,0.228,-0.888,0.381,NA
"IL1RL2",0.655,0.933,0.81,0.585,-0.243,0.81,-0.552,0.585,NA
"MMEL1",0.655,0.933,0.81,0.285,0.889,0.381,-1.09,0.285,NA
"BCL2",0.656,0.933,0.81,0.113,0.889,0.381,-1.63,0.113,NA
"SPARCL1",0.656,0.933,0.81,0.191,-0.89,0.38,1.34,0.191,NA
"CDKN1B",0.658,0.933,0.199,0.811,1.31,0.199,-0.895,0.378,NA
"CHEBI:17154",0.658,0.933,0.811,0.271,0.895,0.378,-1.12,0.271,"nicotinamide"
"HBEGF",0.658,0.933,0.811,0.105,0.896,0.377,-1.67,0.105,NA
"DPT",0.658,0.933,0.201,0.811,-1.31,0.201,0.896,0.377,NA
"ALCAM",0.659,0.933,0.812,0.066,-0.897,0.376,1.91,0.066,NA
"CA13",0.659,0.933,0.28,0.812,1.1,0.28,-0.898,0.376,NA
"MMP17",0.66,0.933,0.812,0.145,0.899,0.375,-1.5,0.145,NA
"PRDX1",0.66,0.933,0.812,0.0737,0.899,0.375,-1.85,0.0737,NA
"CDH6",0.66,0.933,0.274,0.812,1.11,0.274,-0.9,0.375,NA
"NTF4",0.661,0.933,0.813,0.0452,-0.901,0.374,2.09,0.0452,NA
"IFNA2",0.661,0.933,0.813,0.0787,-0.902,0.374,1.82,0.0787,NA
"LAG3",0.661,0.933,0.813,0.108,-0.902,0.374,1.66,0.108,NA
"RSPO2",0.661,0.933,0.813,0.0318,0.902,0.374,-2.25,0.0318,NA
"NAAA",0.662,0.933,0.813,0.196,0.238,0.813,1.32,0.196,NA
"CCL5",0.663,0.933,0.114,0.814,1.62,0.114,-0.907,0.371,NA
"MAPK3",0.664,0.933,0.199,0.815,1.31,0.199,-0.908,0.371,NA
"TNFRSF21",0.664,0.933,0.123,0.815,-1.58,0.123,0.91,0.37,NA
"PRKCI",0.664,0.933,0.815,0.0993,0.91,0.37,-1.7,0.0993,NA
"C2",0.665,0.933,0.815,0.437,-0.235,0.815,-0.787,0.437,NA
"EPB41",0.665,0.933,0.816,0.265,0.912,0.369,-1.14,0.265,NA
"CCL8",0.666,0.933,0.225,0.816,-1.24,0.225,0.915,0.368,NA
"BMP7",0.67,0.933,0.818,0.0278,-0.922,0.363,2.31,0.0278,NA
"TNFRSF6B",0.67,0.933,0.819,0.0399,-0.923,0.363,2.15,0.0399,NA
"SIGLEC7",0.67,0.933,0.819,0.311,-0.924,0.362,1.03,0.311,NA
"CHEBI:16704",0.67,0.933,2.91e-05,0.819,4.87,2.91e-05,0.231,0.819,"uridine"
"DNAJB1",0.671,0.933,0.819,0.161,0.924,0.362,-1.44,0.161,NA
"WIF1",0.671,0.933,0.0393,0.819,-2.15,0.0393,0.925,0.362,NA
"DCTPP1",0.671,0.933,0.819,0.488,0.231,0.819,0.702,0.488,NA
"IFNG",0.672,0.933,0.82,0.0762,0.927,0.361,-1.83,0.0762,NA
"CDON",0.672,0.933,0.82,0.296,-0.928,0.361,1.06,0.296,NA
"CST4",0.673,0.933,0.821,0.00035,-0.931,0.359,4.02,0.00035,NA
"CDC2",0.675,0.933,0.822,0.0394,0.935,0.357,-2.15,0.0394,NA
"CAMK2D",0.675,0.933,0.258,0.822,1.15,0.258,0.227,0.822,NA
"HSPA8",0.675,0.933,0.822,0.0409,-0.936,0.356,2.13,0.0409,NA
"PDE4D",0.676,0.933,0.822,0.35,-0.938,0.355,0.948,0.35,NA
"DSG1",0.679,0.933,0.824,0.0548,0.945,0.352,-2,0.0548,NA
"CAST",0.679,0.933,0.824,0.726,0.224,0.824,0.354,0.726,NA
"IL6ST",0.679,0.933,0.824,0.157,-0.945,0.352,1.45,0.157,NA
"PRLR",0.679,0.933,0.824,0.0485,-0.946,0.351,2.05,0.0485,NA
"CHEBI:16737",0.68,0.933,0.824,0.508,0.224,0.824,-0.0201,0.984,"creatinine"
"FCN2",0.68,0.933,0.198,0.825,1.31,0.198,-0.947,0.351,NA
"RAN",0.68,0.933,0.825,0.0659,0.948,0.35,-1.91,0.0659,NA
"EDA",0.681,0.933,0.144,0.825,-1.5,0.144,0.949,0.35,NA
"MB",0.681,0.933,0.187,0.825,-1.35,0.187,0.949,0.35,NA
"IL6R",0.681,0.933,0.825,0.225,-0.949,0.35,1.24,0.225,NA
"WFIKKN1",0.681,0.933,0.825,0.239,-0.949,0.35,1.2,0.239,NA
"SEMA3E",0.681,0.933,0.825,0.0978,-0.95,0.349,1.71,0.0978,NA
"CHEBI:71466",0.681,0.933,0.183,0.825,1.36,0.183,0.222,0.825,"oleoyl ethanolamide"
"CHEBI:70984",0.682,0.933,0.0816,0.826,1.8,0.0816,-0.953,0.348,"isovalerylglycine"
"SPOCK1",0.684,0.933,0.827,0.249,0.955,0.347,-1.17,0.249,NA
"NLGN4X",0.684,0.933,0.827,0.0147,-0.957,0.346,2.59,0.0147,NA
"FLRT1",0.686,0.933,0.828,0.0769,0.961,0.344,-1.83,0.0769,NA
"FGF7",0.686,0.933,0.828,0.0332,0.961,0.344,-2.23,0.0332,NA
"EPHB2",0.687,0.933,0.0731,0.829,-1.85,0.0731,0.963,0.343,NA
"ADAMTS13",0.687,0.933,0.298,0.829,-1.06,0.298,0.963,0.343,NA
"EFNB3",0.687,0.933,0.829,0.0602,0.965,0.342,-1.95,0.0602,NA
"FTH1",0.688,0.933,0.829,0.136,0.966,0.342,-1.53,0.136,NA
"CHEBI:16113",0.688,0.933,0.681,0.829,-0.415,0.681,-0.217,0.829,"cholesterol"
"CLEC1B",0.688,0.933,0.83,0.296,0.968,0.341,-1.06,0.296,NA
"NCR1",0.688,0.933,0.0612,0.83,-1.94,0.0612,0.968,0.34,NA
"LPO",0.69,0.933,0.831,0.0167,-0.971,0.339,2.53,0.0167,NA
"CHEBI:57990",0.69,0.933,0.0985,0.831,1.7,0.0985,0.215,0.831,"2-keto-3-deoxy-gluconate"
"GNLY",0.691,0.933,0.831,0.164,-0.973,0.338,1.43,0.164,NA
"IFNL1",0.691,0.933,0.831,0.0461,0.974,0.337,-2.08,0.0461,NA
"CCL11",0.691,0.933,0.831,0.211,-0.974,0.337,1.28,0.211,NA
"FLT3",0.693,0.933,0.833,0.281,0.979,0.335,-1.1,0.281,NA
"F3",0.694,0.933,0.291,0.833,-1.07,0.291,0.982,0.334,NA
"CHEBI:28729",0.695,0.933,0.833,0.108,-0.983,0.333,1.66,0.108,"mannose"
"TSLP",0.695,0.933,0.833,0.0551,0.983,0.333,-1.99,0.0551,NA
"CHEBI:32636",0.695,0.933,0.834,0.198,0.983,0.333,-1.32,0.198,"4-acetamidophenylglucuronide"
"CHEBI:17053",0.695,0.933,0.21,0.834,1.28,0.21,-0.984,0.333,"aspartate"
"CHEBI:28834",0.695,0.933,0.834,0.273,0.984,0.332,-1.12,0.273,"deoxycholate"
"SERPINF2",0.695,0.933,0.0122,0.834,2.66,0.0122,0.212,0.834,NA
"COTL1",0.695,0.933,0.834,0.135,0.985,0.332,-1.54,0.135,NA
"CHEBI:28865",0.696,0.933,0.834,0.359,0.211,0.834,0.931,0.359,"taurocholate"
"CDC37",0.696,0.933,0.242,0.835,1.19,0.242,-0.988,0.331,NA
"LMNB1",0.697,0.933,0.835,0.083,0.989,0.33,-1.79,0.083,NA
"AMH",0.698,0.933,0.0712,0.835,-1.87,0.0712,0.991,0.329,NA
"VTA1",0.698,0.933,0.836,0.221,0.991,0.329,-1.25,0.221,NA
"CHEBI:27823",0.698,0.933,0.836,0.0705,-0.992,0.329,1.87,0.0705,"5-hydroxyindoleacetate"
"IL2RG",0.698,0.933,0.836,0.0824,0.992,0.329,-1.79,0.0824,NA
"IDUA",0.698,0.933,0.836,0.288,-0.992,0.329,1.08,0.288,NA
"UNC5C",0.699,0.933,0.0863,0.836,-1.77,0.0863,0.995,0.328,NA
"FCGR1A",0.7,0.933,0.212,0.836,1.28,0.212,-0.996,0.327,NA
"AREG",0.701,0.933,0.838,0.0925,1,0.325,-1.74,0.0925,NA
"IL12RB2",0.703,0.933,0.838,0.0675,-1,0.323,1.89,0.0675,NA
"VEGFA",0.703,0.933,0.839,0.0174,0.205,0.839,2.51,0.0174,NA
"ICAM3",0.704,0.933,0.839,0.119,1.01,0.322,-1.6,0.119,NA
"RGMB",0.704,0.933,0.839,0.237,-1.01,0.322,1.21,0.237,NA
"LGALS8",0.705,0.933,0.839,0.014,-1.01,0.321,2.6,0.014,NA
"ROBO2",0.705,0.933,0.84,0.103,-1.01,0.321,1.68,0.103,NA
"ABL1",0.705,0.933,0.0864,0.84,1.77,0.0864,-1.01,0.32,NA
"SMPDL3A",0.706,0.933,0.84,0.302,1.01,0.319,-1.05,0.302,NA
"CHL1",0.706,0.933,0.841,0.0208,-1.01,0.319,2.44,0.0208,NA
"IL4",0.707,0.933,0.841,0.0669,1.01,0.319,-1.9,0.0669,NA
"PSMA1",0.707,0.933,0.841,0.111,1.01,0.318,-1.64,0.111,NA
"KLK13",0.707,0.933,0.841,0.542,0.202,0.841,0.617,0.542,NA
"CDH12",0.708,0.933,0.841,0.085,1.02,0.318,-1.78,0.085,NA
"CD48",0.708,0.933,0.0315,0.842,-2.25,0.0315,1.02,0.317,NA
"CHEBI:4676",0.709,0.933,0.202,0.842,-1.3,0.202,-0.201,0.842,"dodecanedioate"
"CHEBI:18332",0.709,0.933,0.0644,0.842,1.92,0.0644,-1.02,0.316,"thyroxine"
"PDE2A",0.71,0.933,0.842,0.145,1.02,0.315,-1.5,0.145,NA
"SHC1",0.711,0.933,0.843,0.234,1.02,0.313,-1.21,0.234,NA
"SAA1",0.712,0.933,0.752,0.844,0.319,0.752,0.199,0.844,NA
"CHEBI:28792",0.713,0.933,0.844,0.478,-0.198,0.844,-0.718,0.478,"erucate (22:1n9)"
"EEF1B2",0.713,0.933,0.844,0.107,1.03,0.311,-1.66,0.107,NA
"CCL17",0.713,0.933,0.844,0.567,-0.198,0.844,-0.579,0.567,NA
"EPS15L1",0.714,0.933,0.845,0.045,1.03,0.31,-2.09,0.045,NA
"FLT4",0.715,0.933,0.845,0.0351,-1.03,0.309,2.2,0.0351,NA
"MDK",0.715,0.933,0.846,0.54,0.196,0.846,-0.101,0.92,NA
"RBM39",0.715,0.933,0.132,0.846,1.54,0.132,-1.03,0.309,NA
"LDHB",0.715,0.933,0.846,0.129,1.03,0.309,-1.56,0.129,NA
"BSG",0.715,0.933,0.246,0.846,1.18,0.246,-1.04,0.308,NA
"VIP",0.716,0.933,0.846,0.0656,1.04,0.308,-1.91,0.0656,NA
"LTA",0.717,0.933,0.351,0.847,-0.947,0.351,-0.195,0.847,NA
"CHEBI:17033",0.717,0.933,0.3,0.847,-1.05,0.3,-0.195,0.847,"bilirubin (E,E)*"
"IL3RA",0.718,0.933,0.146,0.848,1.49,0.146,-1.04,0.305,NA
"GFRA3",0.718,0.933,0.848,0.0247,1.04,0.305,-2.36,0.0247,NA
"CHEBI:18183",0.719,0.933,0.848,0.167,1.04,0.304,-1.41,0.167,"5-oxoproline"
"CRLF2",0.719,0.933,0.848,0.0998,1.04,0.304,-1.7,0.0998,NA
"JAM3",0.719,0.933,0.848,0.0461,1.04,0.304,-2.08,0.0461,NA
"CTLA4",0.72,0.933,0.848,0.0757,-1.05,0.303,1.84,0.0757,NA
"TACSTD2",0.72,0.933,0.849,0.193,1.05,0.302,-1.33,0.193,NA
"IL17A",0.72,0.933,0.224,0.849,-1.24,0.224,1.05,0.302,NA
"DDR2",0.721,0.933,0.0582,0.849,-1.96,0.0582,1.05,0.302,NA
"PDXP",0.722,0.933,0.85,0.0999,1.05,0.3,-1.7,0.0999,NA
"CD274",0.724,0.933,0.851,0.0887,-1.06,0.299,1.76,0.0887,NA
"CHEBI:17752",0.724,0.933,0.167,0.851,1.41,0.167,-1.06,0.298,"N6-acetyllysine"
"ADAMTS1",0.724,0.933,0.851,0.0467,1.06,0.298,-2.07,0.0467,NA
"METAP2",0.725,0.933,0.851,0.247,1.06,0.297,-1.18,0.247,NA
"PECAM1",0.725,0.933,0.852,0.147,1.06,0.297,-1.49,0.147,NA
"CHEBI:30769",0.726,0.933,0.112,0.852,-1.63,0.112,-0.188,0.852,"citrate"
"CD40LG",0.726,0.933,0.852,0.0988,1.06,0.296,-1.7,0.0988,NA
"CHEBI:41721",0.726,0.933,0.059,0.852,1.96,0.059,-1.06,0.296,"cysteine sulfinic acid"
"RPS6KA5",0.727,0.933,0.853,0.077,1.06,0.295,-1.83,0.077,NA
"C3",0.727,0.933,0.244,0.853,1.19,0.244,0.187,0.853,NA
"EIF4A3",0.728,0.933,0.853,0.127,1.07,0.294,-1.57,0.127,NA
"CHEBI:16467",0.728,0.933,0.853,0.248,-1.07,0.294,1.18,0.248,"arginine"
"CHEBI:28747",0.728,0.933,0.0152,0.853,2.57,0.0152,-1.07,0.293,"picolinate"
"FGF12",0.728,0.933,0.159,0.853,1.44,0.159,-1.07,0.293,NA
"SOD1",0.729,0.933,0.854,0.0604,1.07,0.292,-1.95,0.0604,NA
"HMOX2",0.729,0.933,0.854,0.156,1.07,0.292,-1.46,0.156,NA
"UBE2I",0.73,0.933,0.264,0.854,1.14,0.264,-1.07,0.291,NA
"PRDX6",0.73,0.933,0.854,0.156,1.07,0.291,-1.45,0.156,NA
"PDE9A",0.73,0.933,0.21,0.854,-1.28,0.21,1.07,0.291,NA
"RPS27A",0.731,0.933,0.855,0.115,1.08,0.29,-1.62,0.115,NA
"CHEBI:16995",0.731,0.933,0.855,0.187,1.08,0.29,-1.35,0.187,"oxalate (ethanedioate)"
"EPHA3",0.731,0.933,0.855,0.0771,-1.08,0.29,1.83,0.0771,NA
"EDAR",0.731,0.933,0.855,0.266,1.08,0.29,-1.13,0.266,NA
"FGF16",0.732,0.933,0.855,0.0912,1.08,0.289,-1.74,0.0912,NA
"KIR2DL4",0.732,0.933,0.856,0.0892,1.08,0.289,-1.75,0.0892,NA
"UFC1",0.732,0.933,0.131,0.856,1.55,0.131,-1.08,0.288,NA
"CYP3A4",0.733,0.933,0.197,0.856,1.32,0.197,-1.08,0.288,NA
"PPP3R1",0.734,0.933,0.857,0.184,1.08,0.287,-1.36,0.184,NA
"IL13RA1",0.734,0.933,0.857,0.0723,-1.08,0.286,1.86,0.0723,NA
"MAPK1",0.734,0.933,0.857,0.247,1.08,0.286,-1.18,0.247,NA
"CHEBI:16070",0.735,0.933,0.157,0.858,1.45,0.157,-1.09,0.285,"1,5-anhydroglucitol (1,5-AG)"
"DKKL1",0.736,0.933,0.23,0.858,1.22,0.23,-1.09,0.285,NA
"PF4",0.736,0.933,0.11,0.858,1.64,0.11,-1.09,0.285,NA
"EPOR",0.736,0.933,0.858,0.0793,1.09,0.284,-1.81,0.0793,NA
"PSMA6",0.736,0.933,0.858,0.0594,1.09,0.284,-1.96,0.0594,NA
"PGD",0.737,0.933,0.859,0.231,1.09,0.283,-1.22,0.231,NA
"UBE2L3",0.738,0.933,0.859,0.0739,1.09,0.282,-1.85,0.0739,NA
"HNRNPAB",0.738,0.933,0.859,0.132,1.09,0.282,-1.55,0.132,NA
"DHH",0.738,0.933,0.859,0.0705,1.1,0.282,-1.87,0.0705,NA
"ADAM9",0.738,0.933,0.859,0.0741,-1.1,0.281,1.85,0.0741,NA
"PIK3CA",0.738,0.933,0.0593,0.859,1.96,0.0593,-1.1,0.281,NA
"CCL2",0.739,0.933,0.691,0.86,-0.402,0.691,-0.178,0.86,NA
"TBK1",0.739,0.933,0.86,0.189,1.1,0.28,-1.34,0.189,NA
"NOV",0.739,0.933,0.86,0.031,1.1,0.28,-2.26,0.031,NA
"LTF",0.74,0.933,0.86,0.116,1.1,0.28,-1.62,0.116,NA
"CFP",0.74,0.933,0.197,0.86,1.32,0.197,-1.1,0.28,NA
"LEPR",0.74,0.933,0.0924,0.86,-1.73,0.0924,1.1,0.28,NA
"THBS1",0.741,0.933,0.198,0.861,1.31,0.198,-1.1,0.279,NA
"CTGF",0.741,0.933,0.861,0.0867,1.1,0.278,-1.77,0.0867,NA
"HP",0.742,0.933,0.861,0.25,-1.1,0.278,1.17,0.25,NA
"GSTP1",0.742,0.933,0.861,0.293,-0.176,0.861,-1.07,0.293,NA
"GOT1",0.743,0.933,0.0185,0.862,-2.48,0.0185,1.11,0.276,NA
"WNT7A",0.743,0.933,0.862,0.0406,-1.11,0.276,2.14,0.0406,NA
"TIE1",0.743,0.933,0.862,0.238,-1.11,0.276,1.2,0.238,NA
"DCN",0.743,0.933,0.862,0.225,1.11,0.276,-1.24,0.225,NA
"SLAMF7",0.743,0.933,0.862,0.12,-1.11,0.276,1.6,0.12,NA
"CHEBI:16027",0.743,0.933,0.862,0.0675,1.11,0.276,-1.89,0.0675,"adenosine 5'-monophosphate (AMP)"
"FOLH1",0.746,0.933,0.181,0.864,-1.37,0.181,-0.173,0.864,NA
"SPARC",0.746,0.933,0.179,0.864,1.37,0.179,-1.12,0.272,NA
"ENTPD3",0.749,0.933,0.865,0.0377,1.12,0.269,-2.17,0.0377,NA
"ENTPD1",0.75,0.933,0.866,0.353,-0.17,0.866,-0.943,0.353,NA
"IGF1",0.75,0.933,0.866,0.0159,1.13,0.268,-2.55,0.0159,NA
"CCL1",0.75,0.933,0.226,0.866,-1.24,0.226,1.13,0.268,NA
"FST",0.751,0.933,0.866,0.083,1.13,0.267,-1.79,0.083,NA
"PRSS22",0.751,0.933,0.867,0.212,-1.13,0.267,1.28,0.212,NA
"PGK1",0.751,0.933,0.128,0.867,1.56,0.128,-1.13,0.267,NA
"C8A",0.751,0.933,0.161,0.867,-1.43,0.161,1.13,0.267,NA
"KIF23",0.751,0.933,0.867,0.107,1.13,0.266,-1.66,0.107,NA
"PLXNC1",0.752,0.933,0.867,0.114,-1.13,0.266,1.63,0.114,NA
"TLR4",0.753,0.933,0.868,0.0746,-1.14,0.264,1.85,0.0746,NA
"MSLN",0.754,0.933,0.868,0.0698,1.14,0.263,-1.88,0.0698,NA
"ARID3A",0.754,0.933,0.869,0.0442,1.14,0.263,-2.1,0.0442,NA
"ALPL",0.755,0.933,0.869,0.0952,1.14,0.262,-1.72,0.0952,NA
"AZU1",0.755,0.933,0.869,0.0581,1.14,0.262,-1.97,0.0581,NA
"ACP5",0.757,0.933,0.87,0.162,-1.15,0.26,1.43,0.162,NA
"ACP1",0.757,0.933,0.87,0.0922,1.15,0.26,-1.74,0.0922,NA
"CFC1",0.757,0.933,0.87,0.0622,1.15,0.26,-1.93,0.0622,NA
"INSR",0.758,0.933,0.0553,0.871,-1.99,0.0553,1.15,0.258,NA
"CHEBI:16990",0.758,0.933,0.655,0.871,0.451,0.655,0.164,0.871,"bilirubin (Z,Z)"
"PI3",0.759,0.933,0.871,0.0554,-1.15,0.258,1.99,0.0554,NA
"CD22",0.759,0.933,0.871,0.0429,1.15,0.257,-2.11,0.0429,NA
"ESR1",0.76,0.933,0.872,0.162,1.16,0.256,-1.43,0.162,NA
"MBD4",0.76,0.933,0.872,0.0582,1.16,0.256,-1.97,0.0582,NA
"SLPI",0.761,0.933,0.872,0.179,-1.16,0.256,1.38,0.179,NA
"PRKCZ",0.761,0.933,0.872,0.0332,1.16,0.256,-2.23,0.0332,NA
"EFNA4",0.761,0.933,0.872,0.24,-1.16,0.256,1.2,0.24,NA
"LILRB2",0.761,0.933,0.167,0.872,-1.41,0.167,1.16,0.255,NA
"PLA2G5",0.762,0.933,0.873,0.0484,1.16,0.254,-2.05,0.0484,NA
"CHEBI:21347",0.762,0.933,0.0469,0.873,2.07,0.0469,-1.16,0.254,"lanthionine"
"ULBP3",0.763,0.933,0.874,0.0762,1.17,0.252,-1.84,0.0762,NA
"CAMK1D",0.763,0.933,0.874,0.754,0.16,0.874,0.317,0.754,NA
"TYMS",0.765,0.933,0.875,0.505,0.159,0.875,-0.0134,0.989,NA
"TGFB3",0.765,0.933,0.875,0.032,-1.17,0.25,2.25,0.032,NA
"YES1",0.766,0.933,0.875,0.102,1.17,0.25,-1.69,0.102,NA
"GSN",0.767,0.933,0.692,0.876,0.4,0.692,0.158,0.876,NA
"CHEBI:55328",0.767,0.933,0.876,0.805,0.157,0.876,0.249,0.805,"16-hydroxypalmitate"
"DDC",0.768,0.933,0.0549,0.876,1.99,0.0549,-1.18,0.248,NA
"CAMKK1",0.768,0.933,0.876,0.0814,1.18,0.248,-1.8,0.0814,NA
"CAT",0.768,0.933,0.877,0.124,1.18,0.247,-1.58,0.124,NA
"UBE2N",0.769,0.933,0.877,0.0924,1.18,0.247,-1.74,0.0924,NA
"PA2G4",0.769,0.933,0.877,0.193,1.18,0.246,-1.33,0.193,NA
"RAC1",0.769,0.933,0.877,0.193,1.18,0.246,-1.33,0.193,NA
"NRCAM",0.77,0.933,0.877,0.0353,-1.18,0.245,2.2,0.0353,NA
"COL23A1",0.77,0.933,0.228,0.877,1.23,0.228,-1.18,0.245,NA
"CHEBI:17535",0.77,0.933,0.877,0.0342,0.155,0.877,2.22,0.0342,"arabinose"
"COL18A1",0.77,0.933,0.406,0.877,-0.842,0.406,-0.155,0.877,NA
"CHEBI:32398",0.77,0.933,0.111,0.878,1.64,0.111,-1.19,0.245,"glycerate"
"THBS2",0.77,0.933,0.117,0.878,-1.61,0.117,1.19,0.245,NA
"PSME1",0.77,0.933,0.878,0.17,1.19,0.245,-1.41,0.17,NA
"AKR7A2",0.771,0.933,0.878,0.127,1.19,0.244,-1.57,0.127,NA
"CHEBI:16359",0.771,0.933,0.878,0.375,0.155,0.878,0.9,0.375,"cholate"
"DKK3",0.772,0.933,0.0344,0.878,-2.21,0.0344,1.19,0.243,NA
"TNC",0.772,0.933,0.0492,0.878,-2.04,0.0492,1.19,0.243,NA
"GDI2",0.772,0.933,0.879,0.12,1.19,0.242,-1.6,0.12,NA
"MDM2",0.773,0.933,0.879,0.237,1.19,0.242,-1.21,0.237,NA
"CA1",0.773,0.933,0.879,0.148,1.19,0.241,-1.49,0.148,NA
"HSD17B1",0.773,0.933,0.879,0.172,-0.153,0.879,-1.4,0.172,NA
"SGTA",0.774,0.933,0.88,0.0853,1.2,0.241,-1.78,0.0853,NA
"CHEBI:28043",0.774,0.933,0.36,0.88,-0.929,0.36,-0.152,0.88,"21-hydroxypregnenolone disulfate"
"FGF6",0.777,0.933,0.881,0.0476,1.2,0.237,-2.06,0.0476,NA
"PEBP1",0.779,0.933,0.883,0.122,1.21,0.235,-1.59,0.122,NA
"ESAM",0.78,0.933,0.883,0.65,-0.148,0.883,-0.458,0.65,NA
"IMPDH1",0.78,0.933,0.691,0.883,0.401,0.691,0.148,0.883,NA
"CHEBI:17750",0.78,0.933,0.883,0.603,-0.148,0.883,-0.525,0.603,"betaine"
"SEZ6L2",0.781,0.933,0.884,0.189,1.22,0.233,-1.34,0.189,NA
"IL13",0.782,0.933,0.884,0.201,1.22,0.232,-1.31,0.201,NA
"F2",0.782,0.933,0.884,0.0545,1.22,0.232,-2,0.0545,NA
"COL8A1",0.782,0.933,0.884,0.166,-1.22,0.232,1.42,0.166,NA
"IL34",0.782,0.933,0.885,0.201,-1.22,0.231,1.31,0.201,NA
"CHEBI:16857",0.783,0.933,0.525,0.885,-0.0634,0.95,0.146,0.885,"threonine"
"HBA1",0.783,0.933,0.885,0.173,1.22,0.23,-1.4,0.173,NA
"GSTA3",0.783,0.933,0.885,0.00287,-1.22,0.23,3.24,0.00287,NA
"NOG",0.784,0.933,0.885,0.298,-0.145,0.885,-1.06,0.298,NA
"CCL28",0.784,0.933,0.886,0.275,0.145,0.886,1.11,0.275,NA
"PRKCQ",0.784,0.933,0.398,0.886,0.857,0.398,0.145,0.886,NA
"VEGFC",0.786,0.933,0.887,0.0999,1.23,0.227,-1.7,0.0999,NA
"MAP3K7",0.786,0.933,0.887,0.849,-0.144,0.887,-0.192,0.849,NA
"CHEBI:18102",0.786,0.933,0.649,0.887,-0.46,0.649,-0.144,0.887,"octanoylcarnitine"
"CSF3",0.787,0.933,0.887,0.0676,-1.23,0.226,1.89,0.0676,NA
"ING1",0.787,0.933,0.595,0.887,0.537,0.595,0.143,0.887,NA
"DNAJC19",0.787,0.933,0.887,0.142,1.24,0.225,-1.51,0.142,NA
"HSD17B10",0.788,0.933,0.887,0.184,1.24,0.225,-1.36,0.184,NA
"BPI",0.789,0.933,0.102,0.888,1.68,0.102,-1.24,0.224,NA
"IL19",0.789,0.933,0.888,0.0127,-1.24,0.224,2.65,0.0127,NA
"LCK",0.789,0.933,0.888,0.0346,1.24,0.223,-2.21,0.0346,NA
"SPOCK2",0.789,0.933,0.888,0.121,-1.24,0.223,1.59,0.121,NA
"CCL13",0.79,0.933,0.889,0.138,1.24,0.222,-1.52,0.138,NA
"HNRNPK",0.79,0.933,0.889,0.0374,-1.25,0.222,2.17,0.0374,NA
"PPIE",0.791,0.933,0.109,0.889,1.65,0.109,-1.25,0.222,NA
"TGFB2",0.791,0.933,0.889,0.0545,1.25,0.221,-2,0.0545,NA
"ICOSLG",0.791,0.933,0.181,0.889,1.37,0.181,-1.25,0.221,NA
"EIF5A",0.792,0.933,0.89,0.0837,1.25,0.22,-1.79,0.0837,NA
"GPI",0.793,0.933,0.0508,0.89,2.03,0.0508,-1.25,0.219,NA
"A2M",0.793,0.933,0.168,0.89,-1.41,0.168,1.25,0.219,NA
"HNRNPA2B1",0.793,0.933,0.89,0.184,1.25,0.219,-1.36,0.184,NA
"MAPT",0.794,0.933,0.891,0.0782,1.26,0.218,-1.82,0.0782,NA
"HAT1",0.794,0.933,0.891,0.123,1.26,0.217,-1.58,0.123,NA
"GDF2",0.795,0.933,0.892,0.141,0.137,0.892,1.51,0.141,NA
"AK1",0.795,0.933,0.892,0.0753,1.26,0.216,-1.84,0.0753,NA
"PPA1",0.796,0.933,0.892,0.0361,1.26,0.216,-2.19,0.0361,NA
"TPI1",0.796,0.933,0.892,0.153,1.26,0.216,-1.46,0.153,NA
"B2M",0.796,0.933,0.286,0.892,-1.09,0.286,-0.137,0.892,NA
"CHEBI:18095",0.797,0.933,0.32,0.893,-1.01,0.32,-0.136,0.893,"trans-4-hydroxyproline"
"IGFBP6",0.8,0.933,0.317,0.894,-1.02,0.317,-0.134,0.894,NA
"CHEBI:15428",0.801,0.933,0.261,0.895,-1.14,0.261,-0.133,0.895,"glycine"
"CCL18",0.801,0.933,0.377,0.895,-0.895,0.377,-0.133,0.895,NA
"CHEBI:16566",0.801,0.933,0.895,0.505,-0.133,0.895,0.0121,0.99,"sphinganine"
"NME2",0.802,0.933,0.201,0.896,1.31,0.201,-1.28,0.209,NA
"NCK1",0.804,0.933,0.561,0.896,0.587,0.561,0.131,0.896,NA
"KLK12",0.804,0.933,0.197,0.896,-1.32,0.197,1.29,0.207,NA
"CHEBI:17775",0.804,0.933,0.874,0.897,-0.159,0.874,-0.131,0.897,"urate"
"CA3",0.805,0.933,0.897,0.0683,1.29,0.206,-1.89,0.0683,NA
"PSMD7",0.805,0.933,0.897,0.0321,1.29,0.206,-2.24,0.0321,NA
"IL20RA",0.805,0.933,0.116,0.897,1.62,0.116,-1.29,0.205,NA
"CST1",0.806,0.933,0.305,0.898,1.04,0.305,0.13,0.898,NA
"CHEBI:16958",0.806,0.933,0.898,0.517,-0.129,0.898,0.043,0.966,"beta-alanine"
"PRKCA",0.807,0.933,0.198,0.899,1.32,0.198,0.129,0.899,NA
"ETHE1",0.808,0.933,0.899,0.092,-1.3,0.203,1.74,0.092,NA
"RPS3",0.809,0.933,0.187,0.899,1.35,0.187,-1.31,0.201,NA
"NAPA",0.809,0.933,0.899,0.0597,1.31,0.201,-1.96,0.0597,NA
"NAGK",0.809,0.933,0.9,0.0725,1.31,0.201,-1.86,0.0725,NA
"CDK2",0.81,0.933,0.596,0.9,0.535,0.596,0.127,0.9,NA
"AKR1A1",0.811,0.933,0.9,0.0571,1.31,0.199,-1.98,0.0571,NA
"ANGPT4",0.811,0.933,0.9,0.0737,1.31,0.199,-1.85,0.0737,NA
"GZMB",0.811,0.933,0.9,0.443,0.126,0.9,0.778,0.443,NA
"CHEBI:16610",0.811,0.933,0.901,0.0521,1.31,0.199,-2.02,0.0521,"spermidine"
"CHEBI:17627",0.812,0.933,0.901,0.0738,1.31,0.198,-1.85,0.0738,"heme"
"ESD",0.814,0.933,0.902,0.174,1.32,0.195,-1.39,0.174,NA
"IL17RB",0.814,0.933,0.902,0.117,-1.32,0.195,1.61,0.117,NA
"CTSZ",0.814,0.933,0.902,0.172,-1.32,0.195,1.4,0.172,NA
"CHEBI:15676",0.815,0.933,0.903,0.102,1.32,0.195,-1.69,0.102,"allantoin"
"FGF8",0.815,0.933,0.903,0.0559,1.33,0.195,-1.99,0.0559,NA
"CHEBI:16946",0.815,0.933,0.903,0.185,0.123,0.903,1.35,0.185,"kynurenine"
"CDH3",0.816,0.933,0.903,0.0348,0.122,0.903,2.21,0.0348,NA
"PLA2G10",0.816,0.933,0.903,0.033,1.33,0.193,-2.23,0.033,NA
"UFM1",0.819,0.933,0.152,0.905,1.47,0.152,-1.34,0.19,NA
"CHEBI:17050",0.819,0.933,0.905,0.0569,1.34,0.19,-1.98,0.0569,"3-phosphoglycerate"
"CCL22",0.819,0.933,0.00312,0.905,-3.2,0.00312,1.34,0.19,NA
"MMP8",0.82,0.933,0.905,0.133,-1.34,0.189,1.54,0.133,NA
"TPT1",0.82,0.933,0.906,0.156,1.34,0.189,-1.45,0.156,NA
"LSAMP",0.82,0.933,0.0231,0.906,-2.39,0.0231,1.34,0.189,NA
"HSPD1",0.821,0.933,0.906,0.166,1.34,0.188,-1.42,0.166,NA
"CD33",0.822,0.933,0.906,0.184,-1.35,0.187,1.36,0.184,NA
"CHEBI:2710",0.822,0.933,0.907,0.188,0.118,0.907,1.35,0.188,"4-androsten-3beta,17beta-diol disulfate (1)"
"CFI",0.823,0.933,0.0112,0.907,2.69,0.0112,0.118,0.907,NA
"MATK",0.823,0.933,0.907,0.0576,-1.35,0.186,1.97,0.0576,NA
"S100A9",0.824,0.933,0.31,0.908,1.03,0.31,0.117,0.908,NA
"CHEBI:72665",0.825,0.934,0.908,0.0225,0.116,0.908,2.4,0.0225,"12,13-DiHOME"
"CD226",0.827,0.934,0.155,0.909,1.46,0.155,-1.37,0.181,NA
"PDE7A",0.827,0.934,0.0822,0.91,1.79,0.0822,-1.37,0.181,NA
"LGALS4",0.83,0.935,0.132,0.911,1.54,0.132,-1.38,0.177,NA
"PTPN2",0.831,0.935,0.0726,0.912,-1.86,0.0726,1.38,0.177,NA
"ACVR1B",0.831,0.935,0.224,0.912,1.24,0.224,0.112,0.912,NA
"MDH1",0.832,0.935,0.912,0.13,1.38,0.176,-1.55,0.13,NA
"AMN",0.832,0.935,0.912,0.0103,1.38,0.176,-2.73,0.0103,NA
"IL1A",0.832,0.935,0.912,0.168,-1.38,0.176,1.41,0.168,NA
"SORCS2",0.835,0.935,0.914,0.51,0.109,0.914,0.667,0.51,NA
"OSM",0.837,0.935,0.301,0.915,-1.05,0.301,-0.108,0.915,NA
"EHMT2",0.837,0.935,0.915,0.0722,1.4,0.17,-1.86,0.0722,NA
"NSFL1C",0.838,0.935,0.915,0.0603,1.41,0.169,-1.95,0.0603,NA
"PDGFC",0.838,0.935,0.916,0.0478,-1.41,0.169,2.06,0.0478,NA
"GAPDH",0.838,0.935,0.15,0.916,1.47,0.15,-1.41,0.169,NA
"CHEBI:72782",0.839,0.935,0.348,0.916,0.953,0.348,0.106,0.916,"methyl indole-3-acetate"
"CHEBI:47953",0.839,0.935,0.000901,0.916,3.66,0.000901,-1.41,0.168,"glucuronate"
"XCL1",0.84,0.935,0.916,0.131,1.41,0.167,-1.55,0.131,NA
"CHEBI:16680",0.841,0.935,0.115,0.917,1.62,0.115,-1.42,0.166,"S-adenosylhomocysteine (SAH)"
"NUDCD3",0.841,0.935,0.022,0.917,2.41,0.022,-1.42,0.165,NA
"PPIA",0.842,0.935,0.918,0.114,1.42,0.164,-1.63,0.114,NA
"CRK",0.843,0.935,0.918,0.0597,1.43,0.164,-1.95,0.0597,NA
"CRISP3",0.844,0.935,0.919,0.0328,1.43,0.163,-2.24,0.0328,NA
"FLT3LG",0.844,0.935,0.919,0.0713,-1.43,0.163,1.87,0.0713,NA
"EREG",0.844,0.935,0.919,0.139,0.103,0.919,1.52,0.139,NA
"CAPN1",0.844,0.935,0.133,0.919,1.54,0.133,-1.43,0.162,NA
"PTPN11",0.846,0.935,0.92,0.0268,1.44,0.16,-2.32,0.0268,NA
"IL18R1",0.847,0.935,0.92,0.108,-1.44,0.16,1.66,0.108,NA
"GREM1",0.849,0.935,0.921,0.0342,1.45,0.158,-2.22,0.0342,NA
"CHEBI:17594",0.85,0.935,0.618,0.922,-0.503,0.618,-0.0989,0.922,"hydroquinone sulfate"
"PON1",0.85,0.935,0.922,0.0521,1.45,0.156,-2.02,0.0521,NA
"POSTN",0.85,0.935,0.0111,0.922,-2.7,0.0111,1.46,0.156,NA
"TOP1",0.851,0.935,0.117,0.922,1.61,0.117,-1.46,0.155,NA
"SPON1",0.852,0.935,0.923,0.00724,-1.46,0.154,2.88,0.00724,NA
"AIMP1",0.853,0.935,0.924,0.0196,0.0967,0.924,2.46,0.0196,NA
"GRN",0.854,0.935,0.924,0.0681,-1.47,0.152,1.89,0.0681,NA
"FGF10",0.854,0.935,0.924,0.0242,1.47,0.151,-2.37,0.0242,NA
"HSP90AA1",0.855,0.935,0.106,0.925,1.67,0.106,-1.47,0.151,NA
"SERPING1",0.855,0.935,0.111,0.925,-1.64,0.111,1.47,0.151,NA
"KPNB1",0.855,0.935,0.925,0.0367,1.47,0.15,-2.18,0.0367,NA
"TNFAIP6",0.856,0.935,0.00264,0.925,-3.26,0.00264,-0.0947,0.925,NA
"MATN3",0.856,0.935,0.635,0.925,0.48,0.635,0.0946,0.925,NA
"CLU",0.858,0.935,0.0529,0.926,2.01,0.0529,-1.48,0.148,NA
"FABP5",0.858,0.935,0.926,0.0266,0.0935,0.926,2.33,0.0266,NA
"KRAS",0.858,0.935,0.926,0.124,-1.48,0.147,1.58,0.124,NA
"CAMK2A",0.859,0.935,0.262,0.927,1.14,0.262,0.0927,0.927,NA
"DSC3",0.86,0.935,0.927,0.279,0.0922,0.927,1.1,0.279,NA
"CHEBI:15354",0.861,0.935,7.2e-06,0.928,5.35,7.2e-06,0.0912,0.928,"choline"
"CCNB1",0.861,0.935,0.928,0.0198,-1.5,0.144,2.46,0.0198,NA
"AURKB",0.863,0.935,0.929,0.0751,-1.5,0.142,1.84,0.0751,NA
"CHEBI:4828",0.863,0.935,0.122,0.929,1.59,0.122,-1.51,0.142,"ergothioneine"
"FGF18",0.863,0.935,0.929,0.251,0.0897,0.929,1.17,0.251,NA
"RBP4",0.864,0.935,0.93,0.0328,1.51,0.141,-2.23,0.0328,NA
"CHEBI:17561",0.864,0.935,0.0396,0.93,-2.15,0.0396,1.51,0.141,"cysteine"
"PAK3",0.865,0.935,0.0455,0.93,-2.08,0.0455,1.52,0.14,NA
"ARPP19",0.865,0.935,0.356,0.93,0.936,0.356,0.0882,0.93,NA
"CHEBI:16015",0.865,0.935,0.669,0.93,0.432,0.669,0.0882,0.93,"glutamate"
"TNFRSF19",0.865,0.935,0.93,0.107,-1.52,0.139,1.66,0.107,NA
"BMP6",0.867,0.935,0.931,0.0551,-1.52,0.137,1.99,0.0551,NA
"PRSS27",0.868,0.935,0.697,0.932,-0.393,0.697,-0.0865,0.932,NA
"TPM2",0.869,0.935,0.128,0.932,-1.56,0.128,1.53,0.135,NA
"CHEBI:68531",0.871,0.935,0.0461,0.933,2.08,0.0461,-1.54,0.133,"3,7-dimethylurate"
"CTSS",0.871,0.935,0.933,0.117,-1.54,0.133,1.61,0.117,NA
"CD80",0.871,0.935,0.679,0.933,0.418,0.679,0.0842,0.933,NA
"CHEBI:691622",0.872,0.935,0.154,0.934,1.46,0.154,0.084,0.934,"1,3,7-trimethylurate"
"CHEBI:16175",0.872,0.935,0.934,0.505,0.0838,0.934,-0.0114,0.991,"4-cholesten-3-one"
"BMPR1A",0.872,0.935,0.0525,0.934,-2.01,0.0525,1.55,0.132,NA
"EPHA2",0.873,0.935,0.0428,0.934,-2.11,0.0428,1.55,0.132,NA
"CHEBI:17799",0.873,0.935,0.935,0.242,0.0828,0.935,1.19,0.242,"2-methylserine"
"TNFSF11",0.874,0.935,0.935,0.0754,-1.55,0.13,1.84,0.0754,NA
"ICAM1",0.874,0.935,0.119,0.935,-1.6,0.119,1.56,0.13,NA
"CHEBI:17649",0.876,0.936,0.936,0.04,1.56,0.128,-2.14,0.04,"tartronate (hydroxymalonate)"
"TKT",0.877,0.936,0.936,0.0772,1.56,0.127,-1.83,0.0772,NA
"CD4",0.878,0.936,0.937,0.419,-0.0798,0.937,-0.818,0.419,NA
"RPS6KA3",0.878,0.936,0.937,0.079,1.57,0.126,-1.82,0.079,NA
"KIRREL3",0.879,0.936,0.938,0.0155,1.58,0.125,-2.56,0.0155,NA
"CMA1",0.879,0.936,0.938,0.0791,1.58,0.125,-1.82,0.0791,NA
"CHEBI:17562",0.882,0.938,0.13,0.939,-1.56,0.13,-0.0772,0.939,"cytidine"
"ARSA",0.883,0.939,0.94,0.00456,-1.59,0.121,3.06,0.00456,NA
"EPO",0.885,0.94,0.941,0.06,-0.075,0.941,-1.95,0.06,NA
"TNF",0.886,0.941,0.941,0.0456,-1.61,0.117,2.08,0.0456,NA
"RTN4",0.887,0.941,0.0128,0.942,-2.64,0.0128,-0.0733,0.942,NA
"CHEBI:58148",0.888,0.942,0.034,0.943,2.22,0.034,0.0727,0.943,"homocitrulline"
"EIF4G2",0.89,0.942,0.42,0.943,0.816,0.42,0.0719,0.943,NA
"RGMA",0.89,0.942,0.943,0.0689,0.0715,0.943,1.88,0.0689,NA
"TNFSF13B",0.891,0.942,0.944,0.0734,-1.64,0.112,1.85,0.0734,NA
"CHEBI:16525",0.892,0.942,0.646,0.944,0.464,0.646,0.0704,0.944,"taurochenodeoxycholate"
"CNTN4",0.893,0.943,0.945,0.0773,-1.64,0.11,1.83,0.0773,NA
"CCL24",0.894,0.943,0.945,0.0793,1.65,0.109,-1.81,0.0793,NA
"STC1",0.895,0.943,0.946,0.057,-1.65,0.108,1.98,0.057,NA
"SPTAN1",0.895,0.943,0.946,0.019,0.068,0.946,2.48,0.019,NA
"FCRL3",0.896,0.943,0.205,0.946,1.29,0.205,0.0677,0.946,NA
"RPS7",0.896,0.943,0.947,0.00852,1.66,0.106,-2.81,0.00852,NA
"MATN2",0.897,0.943,0.0302,0.947,-2.27,0.0302,1.67,0.106,NA
"ADAMTS15",0.898,0.943,0.0782,0.948,1.82,0.0782,-1.67,0.105,NA
"BIRC5",0.9,0.945,0.671,0.949,-0.429,0.671,-0.0647,0.949,NA
"XPNPEP1",0.903,0.947,0.03,0.95,2.27,0.03,-1.7,0.0997,NA
"RTN4R",0.905,0.948,0.951,0.149,0.0618,0.951,1.48,0.149,NA
"XRCC6",0.905,0.948,0.142,0.951,1.51,0.142,0.0613,0.951,NA
"LRP8",0.907,0.949,0.0467,0.952,-2.07,0.0467,1.72,0.0955,NA
"IGF1R",0.908,0.949,0.0383,0.953,-2.16,0.0383,1.73,0.0943,NA
"IL20",0.91,0.95,0.332,0.954,0.986,0.332,0.0585,0.954,NA
"OMD",0.91,0.95,0.0276,0.954,-2.31,0.0276,1.74,0.0917,NA
"TYK2",0.912,0.95,0.175,0.955,1.39,0.175,0.0572,0.955,NA
"CCL25",0.912,0.95,0.955,0.0217,0.0569,0.955,2.42,0.0217,NA
"TFF3",0.912,0.95,0.955,0.514,-0.0566,0.955,0.0341,0.973,NA
"CHEBI:17802",0.914,0.951,0.956,0.0767,-0.0556,0.956,-1.83,0.0767,"pseudouridine"
"CA9",0.916,0.952,0.0271,0.957,-2.32,0.0271,1.77,0.0862,NA
"CXCL13",0.916,0.952,0.957,0.0541,-1.78,0.0853,2,0.0541,NA
"CFHR5",0.917,0.952,0.957,0.0329,1.78,0.085,-2.23,0.0329,NA
"IL22RA1",0.917,0.952,0.958,0.459,-0.0533,0.958,-0.749,0.459,NA
"PTGS2",0.92,0.954,0.454,0.959,0.758,0.454,0.0517,0.959,NA
"FGF4",0.921,0.954,0.959,0.0533,1.8,0.081,-2.01,0.0533,NA
"COLEC11",0.924,0.956,0.961,0.00163,-1.82,0.0777,3.45,0.00163,NA
"CHEBI:68441",0.924,0.956,0.0316,0.961,2.25,0.0316,0.049,0.961,"1-methylurate"
"MMP7",0.927,0.957,0.0199,0.963,-2.45,0.0199,1.85,0.0739,NA
"CHEBI:18329",0.928,0.957,0.868,0.963,0.167,0.868,0.0465,0.963,"5alpha-androstan-3beta,17beta-diol disulfate"
"CCL27",0.928,0.957,0.963,0.069,1.85,0.0734,-1.88,0.069,NA
"ANGPT2",0.929,0.957,0.0197,0.964,-2.46,0.0197,1.86,0.0725,NA
"NAMPT",0.929,0.957,0.964,0.0516,1.86,0.0723,-2.03,0.0516,NA
"CCL15",0.929,0.957,0.964,0.232,0.0455,0.964,1.22,0.232,NA
"MAP2K1",0.933,0.96,0.966,0.267,-0.0431,0.966,-1.13,0.267,NA
"CHRDL1",0.934,0.96,0.966,0.0559,-1.9,0.0671,1.99,0.0559,NA
"NME1",0.934,0.96,0.966,0.00271,1.9,0.0671,-3.26,0.00271,NA
"CHEBI:16543",0.936,0.961,0.00124,0.967,3.55,0.00124,-1.91,0.0652,"N-alpha-acetylornithine"
"ARG1",0.937,0.961,0.968,0.0603,-1.92,0.0639,1.95,0.0603,NA
"IL16",0.937,0.961,0.968,0.353,0.0403,0.968,0.944,0.353,NA
"KYNU",0.939,0.961,0.0491,0.969,2.05,0.0491,-1.94,0.0621,NA
"IL27RA",0.939,0.961,0.0489,0.969,-2.05,0.0489,1.94,0.062,NA
"CHEBI:17268",0.941,0.963,0.97,0.0473,1.95,0.0594,-2.07,0.0473,"myo-inositol"
"PROC",0.942,0.963,0.0449,0.971,2.09,0.0449,-1.96,0.0586,NA
"CHEBI:18050",0.945,0.965,0.204,0.972,1.3,0.204,0.0354,0.972,"glutamine"
"ASGR1",0.945,0.965,0.972,0.428,0.0351,0.972,0.804,0.428,NA
"ANP32B",0.948,0.967,0.973,0.821,-0.0336,0.973,-0.228,0.821,NA
"CHEBI:43580",0.95,0.967,0.739,0.974,-0.336,0.739,-0.0322,0.974,"indolepropionate"
"ADAM12",0.95,0.967,0.975,0.698,0.0319,0.975,0.392,0.698,NA
"APOB",0.951,0.967,0.975,0.0223,-2.04,0.0498,2.41,0.0223,NA
"CHEBI:1606",0.951,0.967,0.975,0.145,-0.0314,0.975,-1.5,0.145,"1-methylimidazoleacetate"
"CHEBI:74077",0.954,0.969,0.977,0.227,-0.0296,0.977,-1.23,0.227,"S-allylcysteine"
"IL15RA",0.955,0.97,0.977,0.636,-0.0287,0.977,-0.479,0.636,NA
"ATP5B",0.956,0.97,0.978,0.00203,2.09,0.0445,-3.37,0.00203,NA
"MMP14",0.959,0.972,0.979,0.398,0.0264,0.979,0.857,0.398,NA
"CHEBI:9907",0.959,0.972,0.633,0.979,-0.483,0.633,-0.026,0.979,"ursodeoxycholate"
"NPPA",0.96,0.972,0.114,0.98,-1.63,0.114,-0.0257,0.98,NA
"APOE",0.963,0.974,0.981,0.113,0.0239,0.981,1.63,0.113,NA
"PRL",0.969,0.98,0.984,0.0762,-0.0197,0.984,-1.83,0.0762,NA
"CHEBI:37373",0.971,0.981,2.61e-05,0.985,4.91,2.61e-05,0.0183,0.985,"(S)-3-Hydroxyisobutyric acid"
"MMP13",0.976,0.985,0.988,0.0144,-2.36,0.0243,2.59,0.0144,NA
"TGFBI",0.977,0.986,0.989,0.392,0.0143,0.989,0.868,0.392,NA
"PDPK1",0.98,0.988,0.473,0.99,0.727,0.473,0.0126,0.99,NA
"CHEBI:77086",0.983,0.99,0.992,0.471,-0.0107,0.992,-0.729,0.471,"laurylcarnitine"
"CHEBI:17992",0.989,0.995,0.61,0.994,0.514,0.61,0.007,0.994,"sucrose"
"TBP",0.99,0.995,0.995,0.805,0.00663,0.995,0.25,0.805,NA
"FGG",0.991,0.996,0.111,0.995,-1.64,0.111,-0.0058,0.995,NA
"CHEBI:16962",0.993,0.997,0.247,0.996,1.18,0.247,0.00453,0.996,"cortisone"
"CHEBI:30746",0.993,0.997,0.486,0.997,-0.706,0.486,-0.00431,0.997,"benzoate"
"CHEBI:53487",0.994,0.997,0.997,0.874,0.00393,0.997,0.159,0.874,"adrenate (22:4n6)"
"SPINT2",0.996,0.998,0.865,0.998,0.172,0.865,0.00261,0.998,NA
"TPO",0.998,0.999,0.999,0.0504,-0.00142,0.999,-2.04,0.0504,NA
"PRSS1",0.998,0.999,0.999,0.35,0.00127,0.999,0.949,0.35,NA
"HCK",0.999,0.999,0.999,0.0103,0.000803,0.999,2.73,0.0103,NA
